"Run","Sens","Strategy","PI","RS"
1,0,"Concealers",7488.9,7.34
1,0,"Revealers",4607.04,6
2,0,"Concealers",7261.36,7.22
2,0,"Revealers",4580.76,6
3,0,"Concealers",7168.46,7.18
3,0,"Revealers",4808.74,6.08
4,0,"Concealers",7078.18,7.06
4,0,"Revealers",4551.32,5.86
5,0,"Concealers",7803,7.56
5,0,"Revealers",5580.12,6.54
6,0,"Concealers",8015.32,7.72
6,0,"Revealers",4529.26,6.04
7,0,"Concealers",7546.48,7.46
7,0,"Revealers",5069.06,6.24
8,0,"Concealers",6951.24,7.04
8,0,"Revealers",3850.2,5.66
9,0,"Concealers",7162.96,7.1
9,0,"Revealers",4183.58,5.92
10,0,"Concealers",7430.16,7.44
10,0,"Revealers",4487.12,5.92
11,0,"Concealers",6945.72,7.02
11,0,"Revealers",4452.32,5.92
12,0,"Concealers",7531.8,7.38
12,0,"Revealers",4172.66,5.84
13,0,"Concealers",7822.72,7.54
13,0,"Revealers",4607.68,6.08
14,0,"Concealers",8409.86,7.76
14,0,"Revealers",5337.92,6.24
15,0,"Concealers",6686.86,6.98
15,0,"Revealers",3966.38,5.72
16,0,"Concealers",7258.34,7.26
16,0,"Revealers",5063.82,6.18
17,0,"Concealers",8284.28,7.9
17,0,"Revealers",5679.34,6.48
18,0,"Concealers",7164.12,7.14
18,0,"Revealers",3903.36,5.66
19,0,"Concealers",7030.62,7.02
19,0,"Revealers",3573.5,5.44
20,0,"Concealers",8470.96,7.84
20,0,"Revealers",5346.44,6.38
21,0,"Concealers",8379.56,7.88
21,0,"Revealers",5816.58,6.72
22,0,"Concealers",7858.92,7.52
22,0,"Revealers",4817.1,6.16
23,0,"Concealers",7471.86,7.32
23,0,"Revealers",4405.6,5.78
24,0,"Concealers",7912.54,7.6
24,0,"Revealers",4478.46,5.96
25,0,"Concealers",5982.54,6.5
25,0,"Revealers",3806.06,5.5
26,0,"Concealers",7293,7.16
26,0,"Revealers",5055.3,6.36
27,0,"Concealers",7607.44,7.24
27,0,"Revealers",4209.54,5.74
28,0,"Concealers",5657.92,6.2
28,0,"Revealers",2850,4.96
29,0,"Concealers",8325.8,7.82
29,0,"Revealers",5818.76,6.58
30,0,"Concealers",7966.62,7.46
30,0,"Revealers",4427.38,5.86
31,0,"Concealers",9018.58,8.16
31,0,"Revealers",5407.54,6.38
32,0,"Concealers",6800.34,6.92
32,0,"Revealers",4073,5.66
33,0,"Concealers",7406.02,7.38
33,0,"Revealers",5324.12,6.32
34,0,"Concealers",6455.06,6.64
34,0,"Revealers",3567.5,5.44
35,0,"Concealers",7488.5,7.26
35,0,"Revealers",4021.56,5.74
36,0,"Concealers",7598.34,7.34
36,0,"Revealers",5015.96,6.2
37,0,"Concealers",6190.7,6.56
37,0,"Revealers",3728.38,5.54
38,0,"Concealers",7446.66,7.44
38,0,"Revealers",6013.86,6.72
39,0,"Concealers",7710.72,7.44
39,0,"Revealers",5176.12,6.2
40,0,"Concealers",7349.14,7.34
40,0,"Revealers",4885.86,6.14
41,0,"Concealers",6391.12,6.68
41,0,"Revealers",3551.62,5.34
42,0,"Concealers",7873.62,7.54
42,0,"Revealers",4784.42,6.12
43,0,"Concealers",8860.22,7.92
43,0,"Revealers",5393.86,6.36
44,0,"Concealers",7653.28,7.24
44,0,"Revealers",4520.86,5.96
45,0,"Concealers",7795.3,7.54
45,0,"Revealers",4553.88,6
46,0,"Concealers",6763.22,6.64
46,0,"Revealers",3976.1,5.62
47,0,"Concealers",6680.12,6.76
47,0,"Revealers",4461.12,5.96
48,0,"Concealers",7294.18,7.22
48,0,"Revealers",4975.38,6.08
49,0,"Concealers",7669.98,7.36
49,0,"Revealers",4513.2,5.86
50,0,"Concealers",7289.76,7.22
50,0,"Revealers",4512.46,6.06
51,0,"Concealers",7302.46,7.08
51,0,"Revealers",4014.82,5.76
52,0,"Concealers",7966.6,7.52
52,0,"Revealers",4892.72,6.14
53,0,"Concealers",7681.1,7.48
53,0,"Revealers",5576.64,6.44
54,0,"Concealers",6885.64,7
54,0,"Revealers",3746.46,5.46
55,0,"Concealers",8157.02,7.76
55,0,"Revealers",5466.16,6.5
56,0,"Concealers",7464.98,7.28
56,0,"Revealers",3921.9,5.66
57,0,"Concealers",7488.26,7.36
57,0,"Revealers",4425.52,5.96
58,0,"Concealers",7558,7.32
58,0,"Revealers",4220.82,5.76
59,0,"Concealers",6825.56,6.84
59,0,"Revealers",3748.34,5.52
60,0,"Concealers",6699.42,6.76
60,0,"Revealers",3653.32,5.36
61,0,"Concealers",7717.12,7.42
61,0,"Revealers",4397.3,5.9
62,0,"Concealers",6313.26,6.66
62,0,"Revealers",3520.4,5.36
63,0,"Concealers",7023.44,7.02
63,0,"Revealers",3736.7,5.5
64,0,"Concealers",7664.24,7.44
64,0,"Revealers",4891.98,6.26
65,0,"Concealers",6624.6,6.64
65,0,"Revealers",3763.04,5.54
66,0,"Concealers",7510.24,7.26
66,0,"Revealers",4855.42,6.16
67,0,"Concealers",6564.64,6.68
67,0,"Revealers",3552.66,5.5
68,0,"Concealers",6911.38,6.92
68,0,"Revealers",4366.94,5.84
69,0,"Concealers",6282.22,6.68
69,0,"Revealers",4281.2,5.82
70,0,"Concealers",6534.46,6.92
70,0,"Revealers",3674.82,5.48
71,0,"Concealers",7462.6,7.38
71,0,"Revealers",5045.66,6.24
72,0,"Concealers",7643.02,7.42
72,0,"Revealers",4797.5,6.26
73,0,"Concealers",7358.04,7.12
73,0,"Revealers",4239.36,5.76
74,0,"Concealers",7724.28,7.58
74,0,"Revealers",6444.26,6.96
75,0,"Concealers",6638.38,6.74
75,0,"Revealers",3655.88,5.6
76,0,"Concealers",8168.24,7.68
76,0,"Revealers",4369.66,5.96
77,0,"Concealers",6881.56,7.08
77,0,"Revealers",4196.94,5.78
78,0,"Concealers",6475.46,6.66
78,0,"Revealers",3755.48,5.42
79,0,"Concealers",7296.14,7.28
79,0,"Revealers",4947.22,6.12
80,0,"Concealers",7162.28,7.1
80,0,"Revealers",3887.66,5.64
81,0,"Concealers",7533.52,7.46
81,0,"Revealers",5469.02,6.46
82,0,"Concealers",9289.9,8.18
82,0,"Revealers",4888.46,6.18
83,0,"Concealers",8217.5,7.84
83,0,"Revealers",4399.26,5.84
84,0,"Concealers",7238.08,7.22
84,0,"Revealers",4950.46,6.26
85,0,"Concealers",7533.94,7.32
85,0,"Revealers",4647.74,5.94
86,0,"Concealers",7131.04,7.2
86,0,"Revealers",4514.34,6.04
87,0,"Concealers",6923.9,6.92
87,0,"Revealers",3319.76,5.4
88,0,"Concealers",6556.8,6.68
88,0,"Revealers",3631.38,5.6
89,0,"Concealers",7523.38,7.2
89,0,"Revealers",3955.92,5.62
90,0,"Concealers",7760.56,7.58
90,0,"Revealers",4811.74,6.04
91,0,"Concealers",8578.04,7.88
91,0,"Revealers",5433.52,6.48
92,0,"Concealers",8408.56,7.78
92,0,"Revealers",5145.48,6.26
93,0,"Concealers",7186.56,7.28
93,0,"Revealers",4584.6,6.06
94,0,"Concealers",6851.12,6.98
94,0,"Revealers",4327.78,5.82
95,0,"Concealers",6225.48,6.62
95,0,"Revealers",4072.04,5.66
96,0,"Concealers",6474.14,6.98
96,0,"Revealers",4216.4,5.76
97,0,"Concealers",7894.12,7.66
97,0,"Revealers",5426.7,6.52
98,0,"Concealers",6033.2,6.48
98,0,"Revealers",3485.5,5.32
99,0,"Concealers",8070.74,7.72
99,0,"Revealers",4870.3,6.1
100,0,"Concealers",7501.44,7.38
100,0,"Revealers",4495.32,6
101,0.1,"Concealers",6668.1,6.9
101,0.1,"Revealers",5154.88,6.36
102,0.1,"Concealers",5538,6.24
102,0.1,"Revealers",4158.46,5.82
103,0.1,"Concealers",7705.24,7.48
103,0.1,"Revealers",5653.16,6.56
104,0.1,"Concealers",7416.18,7.32
104,0.1,"Revealers",5506.78,6.44
105,0.1,"Concealers",6364.36,6.44
105,0.1,"Revealers",3157.88,5.3
106,0.1,"Concealers",5966.98,6.42
106,0.1,"Revealers",4095.76,5.66
107,0.1,"Concealers",8593.86,7.94
107,0.1,"Revealers",5964.5,6.72
108,0.1,"Concealers",7520.18,7.48
108,0.1,"Revealers",7424.66,7.36
109,0.1,"Concealers",7568.6,7.52
109,0.1,"Revealers",7525.86,7.44
110,0.1,"Concealers",7866.28,7.62
110,0.1,"Revealers",6204.28,6.78
111,0.1,"Concealers",6523.76,6.72
111,0.1,"Revealers",4405.04,5.86
112,0.1,"Concealers",6328.98,6.86
112,0.1,"Revealers",4752.2,6.16
113,0.1,"Concealers",7569.7,7.44
113,0.1,"Revealers",6082.4,6.66
114,0.1,"Concealers",7238.92,7.26
114,0.1,"Revealers",6258.92,6.76
115,0.1,"Concealers",6670.78,7
115,0.1,"Revealers",5828.98,6.68
116,0.1,"Concealers",7054.98,7.24
116,0.1,"Revealers",5667.04,6.56
117,0.1,"Concealers",6343.64,6.64
117,0.1,"Revealers",4460.1,5.88
118,0.1,"Concealers",6435.22,6.74
118,0.1,"Revealers",4301.76,5.78
119,0.1,"Concealers",7368,7.4
119,0.1,"Revealers",5078.36,6.32
120,0.1,"Concealers",7115.52,7.08
120,0.1,"Revealers",5831.84,6.5
121,0.1,"Concealers",7481.16,7.36
121,0.1,"Revealers",5542.52,6.34
122,0.1,"Concealers",8453.8,7.86
122,0.1,"Revealers",6378.84,6.84
123,0.1,"Concealers",6262.76,6.5
123,0.1,"Revealers",4109.02,5.72
124,0.1,"Concealers",8739.76,8
124,0.1,"Revealers",6754.7,7.02
125,0.1,"Concealers",6985.7,7.18
125,0.1,"Revealers",6359.6,6.9
126,0.1,"Concealers",6804.16,7
126,0.1,"Revealers",5402.66,6.34
127,0.1,"Concealers",7330.3,7.3
127,0.1,"Revealers",6324.58,6.84
128,0.1,"Concealers",8051.56,7.76
128,0.1,"Revealers",6765.8,7.06
129,0.1,"Concealers",6980.82,7.06
129,0.1,"Revealers",4900.22,6.24
130,0.1,"Concealers",8704.96,8.02
130,0.1,"Revealers",6342.26,6.88
131,0.1,"Concealers",8210.08,7.7
131,0.1,"Revealers",6579.36,7
132,0.1,"Concealers",7201.84,7.16
132,0.1,"Revealers",5066.6,6.2
133,0.1,"Concealers",7345.92,7.32
133,0.1,"Revealers",5822.9,6.6
134,0.1,"Concealers",7455.7,7.4
134,0.1,"Revealers",4685.7,5.98
135,0.1,"Concealers",7577.54,7.48
135,0.1,"Revealers",6517.54,6.88
136,0.1,"Concealers",7418.04,7.3
136,0.1,"Revealers",6168.66,6.76
137,0.1,"Concealers",5588.34,6.18
137,0.1,"Revealers",4251.78,5.82
138,0.1,"Concealers",8196.02,7.78
138,0.1,"Revealers",6917.82,7.16
139,0.1,"Concealers",7196.98,7.32
139,0.1,"Revealers",5393.02,6.48
140,0.1,"Concealers",6362.16,6.8
140,0.1,"Revealers",4655.04,6
141,0.1,"Concealers",6212.02,6.7
141,0.1,"Revealers",4731.94,6.14
142,0.1,"Concealers",6610.1,6.74
142,0.1,"Revealers",5378.2,6.32
143,0.1,"Concealers",6831.7,7.08
143,0.1,"Revealers",4930.64,6.22
144,0.1,"Concealers",6422.62,6.64
144,0.1,"Revealers",4234.38,5.84
145,0.1,"Concealers",6458.16,6.78
145,0.1,"Revealers",4819.24,5.96
146,0.1,"Concealers",6056.28,6.5
146,0.1,"Revealers",4195.62,5.78
147,0.1,"Concealers",6133.36,6.62
147,0.1,"Revealers",5326.08,6.22
148,0.1,"Concealers",8815.22,8.08
148,0.1,"Revealers",6352.44,6.8
149,0.1,"Concealers",6318.34,6.76
149,0.1,"Revealers",4404.88,5.86
150,0.1,"Concealers",6601.86,6.82
150,0.1,"Revealers",4359,5.72
151,0.1,"Concealers",8364.76,7.74
151,0.1,"Revealers",6229.86,6.98
152,0.1,"Concealers",7680.92,7.54
152,0.1,"Revealers",6625.66,7.1
153,0.1,"Concealers",5986.74,6.48
153,0.1,"Revealers",3706.02,5.48
154,0.1,"Concealers",7042.98,7.28
154,0.1,"Revealers",7117.84,7.24
155,0.1,"Concealers",8424.86,7.88
155,0.1,"Revealers",6670.72,6.96
156,0.1,"Concealers",7443.18,7.38
156,0.1,"Revealers",5933.14,6.66
157,0.1,"Concealers",6798.3,7.16
157,0.1,"Revealers",6654.38,7.08
158,0.1,"Concealers",6612.56,6.94
158,0.1,"Revealers",4125.48,5.7
159,0.1,"Concealers",6859.84,7.04
159,0.1,"Revealers",5487.52,6.4
160,0.1,"Concealers",6767.98,6.92
160,0.1,"Revealers",3884.24,5.58
161,0.1,"Concealers",7964.5,7.74
161,0.1,"Revealers",7680.56,7.46
162,0.1,"Concealers",8166.28,7.8
162,0.1,"Revealers",5211.88,6.28
163,0.1,"Concealers",7089.28,6.98
163,0.1,"Revealers",4379.88,5.86
164,0.1,"Concealers",7178.58,7.3
164,0.1,"Revealers",7309.54,7.24
165,0.1,"Concealers",7199.06,7.14
165,0.1,"Revealers",4523.84,5.9
166,0.1,"Concealers",6700.8,6.98
166,0.1,"Revealers",4091.66,5.72
167,0.1,"Concealers",7067.78,7.16
167,0.1,"Revealers",6050.22,6.68
168,0.1,"Concealers",7243.5,7.26
168,0.1,"Revealers",6298.44,6.8
169,0.1,"Concealers",7335.42,7.52
169,0.1,"Revealers",7356.52,7.38
170,0.1,"Concealers",6499.8,6.72
170,0.1,"Revealers",4261.78,5.76
171,0.1,"Concealers",7088.82,7.18
171,0.1,"Revealers",5692.36,6.5
172,0.1,"Concealers",6459.76,6.9
172,0.1,"Revealers",5703.68,6.46
173,0.1,"Concealers",6639.84,6.82
173,0.1,"Revealers",4009.18,5.76
174,0.1,"Concealers",7166.58,7.34
174,0.1,"Revealers",6416.32,7.02
175,0.1,"Concealers",7370.66,7.24
175,0.1,"Revealers",4259.18,5.84
176,0.1,"Concealers",6295.28,6.7
176,0.1,"Revealers",4878.92,6.02
177,0.1,"Concealers",7506.76,7.4
177,0.1,"Revealers",6082.68,6.8
178,0.1,"Concealers",7297.56,7.32
178,0.1,"Revealers",5599.1,6.5
179,0.1,"Concealers",7540.96,7.44
179,0.1,"Revealers",6427.74,6.96
180,0.1,"Concealers",8262.38,7.86
180,0.1,"Revealers",6218.92,6.8
181,0.1,"Concealers",7694.98,7.56
181,0.1,"Revealers",5728.4,6.58
182,0.1,"Concealers",7497.76,7.4
182,0.1,"Revealers",5548.08,6.4
183,0.1,"Concealers",7761.94,7.5
183,0.1,"Revealers",7421.5,7.42
184,0.1,"Concealers",5810.3,6.28
184,0.1,"Revealers",3872.02,5.54
185,0.1,"Concealers",7326.6,7.32
185,0.1,"Revealers",6769.9,7.08
186,0.1,"Concealers",8004.16,7.8
186,0.1,"Revealers",7663.52,7.52
187,0.1,"Concealers",7416.02,7.18
187,0.1,"Revealers",5102.9,6.22
188,0.1,"Concealers",7062.34,7.24
188,0.1,"Revealers",5728.88,6.52
189,0.1,"Concealers",7020.72,7.18
189,0.1,"Revealers",6481.38,7
190,0.1,"Concealers",6600.64,7
190,0.1,"Revealers",4853.82,6.2
191,0.1,"Concealers",6573.9,7.02
191,0.1,"Revealers",6490.62,6.82
192,0.1,"Concealers",6801.64,7.12
192,0.1,"Revealers",6334.18,6.84
193,0.1,"Concealers",7298.9,7.24
193,0.1,"Revealers",5512.52,6.54
194,0.1,"Concealers",6837.18,7
194,0.1,"Revealers",4466.94,5.88
195,0.1,"Concealers",7177.66,7.16
195,0.1,"Revealers",5542.62,6.46
196,0.1,"Concealers",8239.58,7.8
196,0.1,"Revealers",6835.4,7.06
197,0.1,"Concealers",6187.64,6.6
197,0.1,"Revealers",4372.78,5.8
198,0.1,"Concealers",5869.6,6.48
198,0.1,"Revealers",3943.08,5.68
199,0.1,"Concealers",7471.98,7.26
199,0.1,"Revealers",5836.42,6.66
200,0.1,"Concealers",7428.36,7.32
200,0.1,"Revealers",4568.58,5.86
201,0.2,"Concealers",8086.26,7.62
201,0.2,"Revealers",5057.44,6.2
202,0.2,"Concealers",6821.98,7.02
202,0.2,"Revealers",5189.28,6.34
203,0.2,"Concealers",7961.74,7.68
203,0.2,"Revealers",7012.98,7.14
204,0.2,"Concealers",6140.7,6.62
204,0.2,"Revealers",4216.4,5.86
205,0.2,"Concealers",6883.38,7.16
205,0.2,"Revealers",8160.78,7.68
206,0.2,"Concealers",6169.04,6.54
206,0.2,"Revealers",4341.38,5.96
207,0.2,"Concealers",7863.12,7.78
207,0.2,"Revealers",6163.74,6.78
208,0.2,"Concealers",7919.38,7.54
208,0.2,"Revealers",7217.42,7.36
209,0.2,"Concealers",8095.78,7.72
209,0.2,"Revealers",6450.48,6.86
210,0.2,"Concealers",7474.48,7.36
210,0.2,"Revealers",6236.36,6.78
211,0.2,"Concealers",7697.82,7.54
211,0.2,"Revealers",7399.22,7.4
212,0.2,"Concealers",6968.58,7.16
212,0.2,"Revealers",6648.28,7.06
213,0.2,"Concealers",7597.34,7.46
213,0.2,"Revealers",6212.38,6.76
214,0.2,"Concealers",7613.6,7.54
214,0.2,"Revealers",6249.76,6.86
215,0.2,"Concealers",6572.1,6.96
215,0.2,"Revealers",4383.48,5.88
216,0.2,"Concealers",6628.68,6.8
216,0.2,"Revealers",4009.58,5.8
217,0.2,"Concealers",7678.32,7.54
217,0.2,"Revealers",6922.98,7.04
218,0.2,"Concealers",6378.14,6.7
218,0.2,"Revealers",5182.84,6.22
219,0.2,"Concealers",5807.06,6.32
219,0.2,"Revealers",3773.44,5.56
220,0.2,"Concealers",6852.1,7.18
220,0.2,"Revealers",7286.88,7.36
221,0.2,"Concealers",8105.92,7.68
221,0.2,"Revealers",6645.54,6.98
222,0.2,"Concealers",6821.42,6.92
222,0.2,"Revealers",4638.98,6
223,0.2,"Concealers",7887.4,7.56
223,0.2,"Revealers",6806.44,7.1
224,0.2,"Concealers",7779.24,7.62
224,0.2,"Revealers",6351.62,6.76
225,0.2,"Concealers",8042.06,7.8
225,0.2,"Revealers",6392.18,6.96
226,0.2,"Concealers",6002.68,6.52
226,0.2,"Revealers",5005.38,6.18
227,0.2,"Concealers",6911.38,7.2
227,0.2,"Revealers",7500.18,7.5
228,0.2,"Concealers",8019.62,7.56
228,0.2,"Revealers",5205.36,6.28
229,0.2,"Concealers",7939.16,7.46
229,0.2,"Revealers",5027.72,6.22
230,0.2,"Concealers",7389.42,7.2
230,0.2,"Revealers",5887.8,6.66
231,0.2,"Concealers",7582.98,7.38
231,0.2,"Revealers",5374.74,6.4
232,0.2,"Concealers",7576.12,7.44
232,0.2,"Revealers",6113.66,6.64
233,0.2,"Concealers",5522.8,6.1
233,0.2,"Revealers",3410.12,5.34
234,0.2,"Concealers",7661.14,7.48
234,0.2,"Revealers",6508.96,7.02
235,0.2,"Concealers",6854.18,7.12
235,0.2,"Revealers",6994.12,7.04
236,0.2,"Concealers",8044,7.64
236,0.2,"Revealers",6257.04,6.94
237,0.2,"Concealers",7852.02,7.64
237,0.2,"Revealers",7052.42,7.32
238,0.2,"Concealers",7367.5,7.26
238,0.2,"Revealers",5281.28,6.32
239,0.2,"Concealers",6705.62,6.9
239,0.2,"Revealers",5320.72,6.4
240,0.2,"Concealers",8126.24,7.66
240,0.2,"Revealers",7668.08,7.52
241,0.2,"Concealers",7691.56,7.48
241,0.2,"Revealers",7222.42,7.3
242,0.2,"Concealers",6999.98,7.18
242,0.2,"Revealers",6172.32,6.74
243,0.2,"Concealers",5899.46,6.32
243,0.2,"Revealers",3384.64,5.34
244,0.2,"Concealers",7416.24,7.28
244,0.2,"Revealers",5088.86,6.28
245,0.2,"Concealers",7204.12,7.06
245,0.2,"Revealers",5607.88,6.44
246,0.2,"Concealers",8962.1,8.16
246,0.2,"Revealers",7161.62,7.36
247,0.2,"Concealers",8194.66,7.74
247,0.2,"Revealers",6429.68,6.9
248,0.2,"Concealers",8056.8,7.64
248,0.2,"Revealers",6011.2,6.7
249,0.2,"Concealers",7185.44,7.26
249,0.2,"Revealers",6244.5,6.8
250,0.2,"Concealers",6499.72,6.96
250,0.2,"Revealers",7210.62,7.26
251,0.2,"Concealers",7017.02,7.24
251,0.2,"Revealers",6142.58,6.86
252,0.2,"Concealers",7103.82,7.24
252,0.2,"Revealers",6842.16,7.12
253,0.2,"Concealers",6872.08,7.14
253,0.2,"Revealers",4750.58,6.04
254,0.2,"Concealers",7399.88,7.48
254,0.2,"Revealers",6944.62,7.18
255,0.2,"Concealers",7222.2,7.3
255,0.2,"Revealers",5389.74,6.4
256,0.2,"Concealers",6100.44,6.52
256,0.2,"Revealers",4593.56,6.02
257,0.2,"Concealers",7644.06,7.4
257,0.2,"Revealers",5690.62,6.56
258,0.2,"Concealers",8029.16,7.64
258,0.2,"Revealers",5825.4,6.58
259,0.2,"Concealers",8278,7.82
259,0.2,"Revealers",6360.84,6.86
260,0.2,"Concealers",7302.34,7.22
260,0.2,"Revealers",5590.7,6.42
261,0.2,"Concealers",7318.78,7.14
261,0.2,"Revealers",4565.98,6
262,0.2,"Concealers",7052.64,7.22
262,0.2,"Revealers",5533.06,6.56
263,0.2,"Concealers",7223.88,7.24
263,0.2,"Revealers",5772.68,6.48
264,0.2,"Concealers",6637.98,6.9
264,0.2,"Revealers",3822.48,5.62
265,0.2,"Concealers",5316.24,5.86
265,0.2,"Revealers",3821.48,5.4
266,0.2,"Concealers",6707.5,7.24
266,0.2,"Revealers",7822.78,7.7
267,0.2,"Concealers",7919.78,7.52
267,0.2,"Revealers",6934.3,7.18
268,0.2,"Concealers",5931.24,6.38
268,0.2,"Revealers",4388.22,5.96
269,0.2,"Concealers",6470.3,6.74
269,0.2,"Revealers",4526.78,5.98
270,0.2,"Concealers",7817.3,7.6
270,0.2,"Revealers",6690.94,7.02
271,0.2,"Concealers",8581.08,8
271,0.2,"Revealers",6418.24,6.86
272,0.2,"Concealers",7736.46,7.5
272,0.2,"Revealers",7149.68,7.3
273,0.2,"Concealers",7196.28,7.26
273,0.2,"Revealers",5085.06,6.08
274,0.2,"Concealers",6098.56,6.86
274,0.2,"Revealers",6298.02,6.98
275,0.2,"Concealers",7163.86,7.3
275,0.2,"Revealers",7119.06,7.18
276,0.2,"Concealers",6478.92,6.66
276,0.2,"Revealers",4134.06,5.76
277,0.2,"Concealers",6889.14,7.1
277,0.2,"Revealers",6746.52,7.08
278,0.2,"Concealers",5906.32,6.66
278,0.2,"Revealers",4729.3,6.22
279,0.2,"Concealers",5999.06,6.46
279,0.2,"Revealers",4171.12,5.82
280,0.2,"Concealers",8089.26,7.7
280,0.2,"Revealers",6528.3,7.02
281,0.2,"Concealers",7244.78,7.1
281,0.2,"Revealers",5486.56,6.42
282,0.2,"Concealers",6754.06,7.12
282,0.2,"Revealers",6194.18,6.76
283,0.2,"Concealers",6049.28,6.62
283,0.2,"Revealers",5590.48,6.34
284,0.2,"Concealers",7793.6,7.48
284,0.2,"Revealers",6612.88,7.06
285,0.2,"Concealers",6959.54,6.84
285,0.2,"Revealers",4511.64,5.94
286,0.2,"Concealers",6723.22,6.92
286,0.2,"Revealers",5715.66,6.54
287,0.2,"Concealers",6023.98,6.48
287,0.2,"Revealers",5024.86,6.22
288,0.2,"Concealers",7622.9,7.5
288,0.2,"Revealers",5916.4,6.72
289,0.2,"Concealers",7263.18,7.34
289,0.2,"Revealers",5742.82,6.56
290,0.2,"Concealers",6838.1,7.08
290,0.2,"Revealers",6460.26,6.92
291,0.2,"Concealers",6508.62,6.96
291,0.2,"Revealers",4835.38,6.08
292,0.2,"Concealers",7547.72,7.38
292,0.2,"Revealers",5704.26,6.64
293,0.2,"Concealers",7522.08,7.44
293,0.2,"Revealers",6557.1,6.82
294,0.2,"Concealers",7711.96,7.58
294,0.2,"Revealers",6363.74,6.8
295,0.2,"Concealers",5959.66,6.4
295,0.2,"Revealers",4102.7,5.8
296,0.2,"Concealers",5142.94,5.94
296,0.2,"Revealers",3661.68,5.54
297,0.2,"Concealers",7344.08,7.28
297,0.2,"Revealers",5714.46,6.52
298,0.2,"Concealers",7792.52,7.68
298,0.2,"Revealers",6362.1,6.9
299,0.2,"Concealers",6778.86,6.94
299,0.2,"Revealers",4947.68,6.22
300,0.2,"Concealers",6812.28,6.84
300,0.2,"Revealers",4167.66,5.66
301,0.3,"Concealers",8381.18,7.76
301,0.3,"Revealers",6262.46,6.9
302,0.3,"Concealers",7777.44,7.4
302,0.3,"Revealers",6435.16,6.88
303,0.3,"Concealers",7244.08,7.38
303,0.3,"Revealers",6529.78,6.98
304,0.3,"Concealers",7128.86,7.3
304,0.3,"Revealers",5864.12,6.62
305,0.3,"Concealers",7338.02,7.38
305,0.3,"Revealers",6409.12,6.92
306,0.3,"Concealers",5507.52,6.1
306,0.3,"Revealers",3748.48,5.44
307,0.3,"Concealers",6917.7,7.18
307,0.3,"Revealers",7514.86,7.44
308,0.3,"Concealers",7804.5,7.46
308,0.3,"Revealers",6631.78,7.04
309,0.3,"Concealers",5873.4,6.46
309,0.3,"Revealers",5495.92,6.38
310,0.3,"Concealers",6472.88,6.96
310,0.3,"Revealers",7946.2,7.56
311,0.3,"Concealers",7693.34,7.5
311,0.3,"Revealers",6928.84,7.24
312,0.3,"Concealers",6366.66,6.82
312,0.3,"Revealers",3987.6,5.7
313,0.3,"Concealers",6822.98,7.14
313,0.3,"Revealers",8385.32,7.96
314,0.3,"Concealers",6418.02,6.9
314,0.3,"Revealers",6775.82,7.12
315,0.3,"Concealers",6890.92,6.84
315,0.3,"Revealers",4123.66,5.6
316,0.3,"Concealers",8482.98,7.88
316,0.3,"Revealers",6922.44,7.16
317,0.3,"Concealers",7994.76,7.66
317,0.3,"Revealers",7242.56,7.42
318,0.3,"Concealers",6338.68,6.7
318,0.3,"Revealers",5652.36,6.5
319,0.3,"Concealers",7016.3,7.24
319,0.3,"Revealers",7696.58,7.48
320,0.3,"Concealers",5464.36,6.2
320,0.3,"Revealers",4446.88,5.84
321,0.3,"Concealers",5481.58,6.12
321,0.3,"Revealers",4194.86,5.74
322,0.3,"Concealers",7022.28,7.26
322,0.3,"Revealers",7537.42,7.54
323,0.3,"Concealers",5549.5,6.18
323,0.3,"Revealers",3569.32,5.52
324,0.3,"Concealers",7395.48,7.38
324,0.3,"Revealers",5948.76,6.62
325,0.3,"Concealers",7275.12,7.26
325,0.3,"Revealers",7723.7,7.56
326,0.3,"Concealers",7815.44,7.48
326,0.3,"Revealers",6459.32,6.88
327,0.3,"Concealers",7392.6,7.38
327,0.3,"Revealers",6025.36,6.7
328,0.3,"Concealers",6767.1,7.18
328,0.3,"Revealers",7302.82,7.44
329,0.3,"Concealers",6598.64,6.86
329,0.3,"Revealers",4940.46,6.16
330,0.3,"Concealers",6438.24,6.76
330,0.3,"Revealers",3708.7,5.58
331,0.3,"Concealers",7029.46,7.12
331,0.3,"Revealers",7343.1,7.28
332,0.3,"Concealers",6442.34,6.86
332,0.3,"Revealers",5233.76,6.18
333,0.3,"Concealers",7908.94,7.68
333,0.3,"Revealers",6734.26,7.04
334,0.3,"Concealers",7179.9,7.26
334,0.3,"Revealers",5640.08,6.58
335,0.3,"Concealers",5356.4,6.36
335,0.3,"Revealers",6130.54,6.64
336,0.3,"Concealers",6918.82,7.2
336,0.3,"Revealers",7348.96,7.36
337,0.3,"Concealers",6726.24,7.04
337,0.3,"Revealers",5350.62,6.44
338,0.3,"Concealers",6748.6,7.02
338,0.3,"Revealers",5677.64,6.64
339,0.3,"Concealers",7488.74,7.34
339,0.3,"Revealers",5228.74,6.4
340,0.3,"Concealers",6919.34,7.16
340,0.3,"Revealers",6058.04,6.74
341,0.3,"Concealers",6539.16,6.94
341,0.3,"Revealers",6118.72,6.76
342,0.3,"Concealers",6954.2,7.16
342,0.3,"Revealers",5999.22,6.76
343,0.3,"Concealers",7247.72,7.32
343,0.3,"Revealers",7449.24,7.3
344,0.3,"Concealers",6956.88,7.02
344,0.3,"Revealers",4740.36,6.12
345,0.3,"Concealers",7449.58,7.36
345,0.3,"Revealers",5317.54,6.3
346,0.3,"Concealers",6222.76,6.78
346,0.3,"Revealers",8018.84,7.66
347,0.3,"Concealers",5830.08,6.4
347,0.3,"Revealers",4172.94,5.76
348,0.3,"Concealers",7181.24,7.4
348,0.3,"Revealers",7051.86,7.26
349,0.3,"Concealers",6170.12,6.54
349,0.3,"Revealers",4493.58,5.82
350,0.3,"Concealers",6990.92,7.08
350,0.3,"Revealers",5484.74,6.44
351,0.3,"Concealers",7075.3,7.28
351,0.3,"Revealers",6417.86,7.06
352,0.3,"Concealers",7603.44,7.46
352,0.3,"Revealers",6127.82,6.78
353,0.3,"Concealers",6478.38,6.92
353,0.3,"Revealers",5991.66,6.64
354,0.3,"Concealers",7285.6,7.36
354,0.3,"Revealers",6922.46,7.16
355,0.3,"Concealers",7626.84,7.54
355,0.3,"Revealers",6720.48,7.06
356,0.3,"Concealers",7173.72,7.22
356,0.3,"Revealers",6024.12,6.66
357,0.3,"Concealers",7330.36,7.4
357,0.3,"Revealers",6516.56,7.04
358,0.3,"Concealers",7368.88,7.32
358,0.3,"Revealers",6824.56,7.12
359,0.3,"Concealers",6527.7,6.94
359,0.3,"Revealers",7067.94,7.22
360,0.3,"Concealers",7278.06,7.3
360,0.3,"Revealers",7022.72,7.22
361,0.3,"Concealers",6528.94,6.9
361,0.3,"Revealers",5015.04,6.2
362,0.3,"Concealers",6853.62,7.12
362,0.3,"Revealers",7413.2,7.48
363,0.3,"Concealers",6532.76,6.78
363,0.3,"Revealers",4922.22,6.24
364,0.3,"Concealers",7019.02,7.16
364,0.3,"Revealers",5221.24,6.36
365,0.3,"Concealers",7736.02,7.6
365,0.3,"Revealers",5863.36,6.68
366,0.3,"Concealers",7765.8,7.48
366,0.3,"Revealers",4818.32,6.16
367,0.3,"Concealers",6486.26,7.04
367,0.3,"Revealers",7141.48,7.34
368,0.3,"Concealers",8292.64,7.84
368,0.3,"Revealers",7057.3,7.28
369,0.3,"Concealers",6994.72,7.08
369,0.3,"Revealers",6572,6.96
370,0.3,"Concealers",6536.52,6.86
370,0.3,"Revealers",5143.7,6.38
371,0.3,"Concealers",6671.78,7.02
371,0.3,"Revealers",7148.92,7.2
372,0.3,"Concealers",6503.38,7
372,0.3,"Revealers",7298.52,7.3
373,0.3,"Concealers",7200.74,7.38
373,0.3,"Revealers",7094.36,7.32
374,0.3,"Concealers",7185.1,7.16
374,0.3,"Revealers",5890.86,6.78
375,0.3,"Concealers",5471.36,6.24
375,0.3,"Revealers",3630.4,5.46
376,0.3,"Concealers",6383.74,6.74
376,0.3,"Revealers",4359.24,5.78
377,0.3,"Concealers",7287.3,7.2
377,0.3,"Revealers",4254.92,5.82
378,0.3,"Concealers",7198.62,7.34
378,0.3,"Revealers",5689.34,6.58
379,0.3,"Concealers",7337.66,7.26
379,0.3,"Revealers",4923.58,6.2
380,0.3,"Concealers",6210.86,6.64
380,0.3,"Revealers",6133.38,6.76
381,0.3,"Concealers",5417.38,6.48
381,0.3,"Revealers",5442.48,6.4
382,0.3,"Concealers",6796.64,7.14
382,0.3,"Revealers",6561.6,7.04
383,0.3,"Concealers",7583.48,7.38
383,0.3,"Revealers",4621.3,6.06
384,0.3,"Concealers",8196.24,7.82
384,0.3,"Revealers",5967.58,6.74
385,0.3,"Concealers",7600.6,7.54
385,0.3,"Revealers",6043.7,6.72
386,0.3,"Concealers",6034.32,6.5
386,0.3,"Revealers",4666.82,5.92
387,0.3,"Concealers",7911.36,7.54
387,0.3,"Revealers",5322.68,6.34
388,0.3,"Concealers",6695.98,7.04
388,0.3,"Revealers",4898.38,6.22
389,0.3,"Concealers",7828.84,7.44
389,0.3,"Revealers",6374.5,6.9
390,0.3,"Concealers",7154.54,7.26
390,0.3,"Revealers",5659.12,6.48
391,0.3,"Concealers",7206.14,7.34
391,0.3,"Revealers",6552.52,7
392,0.3,"Concealers",7190.06,7.24
392,0.3,"Revealers",7292.34,7.42
393,0.3,"Concealers",6590.78,6.88
393,0.3,"Revealers",4163.28,5.86
394,0.3,"Concealers",6783.54,7.16
394,0.3,"Revealers",6814.36,7.26
395,0.3,"Concealers",8299.76,7.72
395,0.3,"Revealers",7550.56,7.5
396,0.3,"Concealers",6974.52,7.12
396,0.3,"Revealers",5602.92,6.52
397,0.3,"Concealers",7589.9,7.38
397,0.3,"Revealers",6294.48,6.9
398,0.3,"Concealers",6619.52,6.92
398,0.3,"Revealers",5421.26,6.52
399,0.3,"Concealers",5748.62,6.38
399,0.3,"Revealers",4556.58,5.96
400,0.3,"Concealers",7879.14,7.5
400,0.3,"Revealers",5575.78,6.42
401,0.4,"Concealers",7738,7.46
401,0.4,"Revealers",5438.02,6.44
402,0.4,"Concealers",6924.02,7.14
402,0.4,"Revealers",5481.74,6.42
403,0.4,"Concealers",7374.46,7.3
403,0.4,"Revealers",5260.78,6.3
404,0.4,"Concealers",7469.1,7.36
404,0.4,"Revealers",5665.9,6.5
405,0.4,"Concealers",6719.02,7.04
405,0.4,"Revealers",4713.82,6.12
406,0.4,"Concealers",6424.92,6.8
406,0.4,"Revealers",5035.2,6.14
407,0.4,"Concealers",6109.28,6.42
407,0.4,"Revealers",3817.36,5.62
408,0.4,"Concealers",6780.68,7.1
408,0.4,"Revealers",7000.06,7.22
409,0.4,"Concealers",6813.36,7.14
409,0.4,"Revealers",6297.54,6.92
410,0.4,"Concealers",6734.24,7.02
410,0.4,"Revealers",7222,7.3
411,0.4,"Concealers",8004.54,7.64
411,0.4,"Revealers",6247.66,6.96
412,0.4,"Concealers",8167.68,7.82
412,0.4,"Revealers",6743.44,7.02
413,0.4,"Concealers",7070.92,7.18
413,0.4,"Revealers",6711.56,6.92
414,0.4,"Concealers",6424.38,6.92
414,0.4,"Revealers",7723.98,7.48
415,0.4,"Concealers",6617.86,6.9
415,0.4,"Revealers",4895.6,6.14
416,0.4,"Concealers",7237.84,7.4
416,0.4,"Revealers",6621.78,7.02
417,0.4,"Concealers",7064.8,7.24
417,0.4,"Revealers",7388.24,7.44
418,0.4,"Concealers",7079,7.3
418,0.4,"Revealers",7611.86,7.46
419,0.4,"Concealers",6395.14,6.98
419,0.4,"Revealers",7663.26,7.52
420,0.4,"Concealers",5666.5,6.3
420,0.4,"Revealers",4688.12,6.1
421,0.4,"Concealers",7555.2,7.48
421,0.4,"Revealers",6584.66,7
422,0.4,"Concealers",6173.26,6.52
422,0.4,"Revealers",4401.06,5.98
423,0.4,"Concealers",7086.14,7.2
423,0.4,"Revealers",6174.98,6.74
424,0.4,"Concealers",8140.96,7.76
424,0.4,"Revealers",6113.16,6.8
425,0.4,"Concealers",6660.5,6.88
425,0.4,"Revealers",5564.22,6.4
426,0.4,"Concealers",7060.08,7.22
426,0.4,"Revealers",6058.86,6.66
427,0.4,"Concealers",6631.02,6.82
427,0.4,"Revealers",5338.64,6.3
428,0.4,"Concealers",6153.9,6.72
428,0.4,"Revealers",5367.52,6.4
429,0.4,"Concealers",6694.58,6.96
429,0.4,"Revealers",4753.44,6.1
430,0.4,"Concealers",6817.18,7.2
430,0.4,"Revealers",6025.24,6.72
431,0.4,"Concealers",7144.96,7.12
431,0.4,"Revealers",4914.72,6.12
432,0.4,"Concealers",6395.72,6.96
432,0.4,"Revealers",7747.5,7.54
433,0.4,"Concealers",7255.54,7.36
433,0.4,"Revealers",7231.48,7.28
434,0.4,"Concealers",8043.3,7.66
434,0.4,"Revealers",6185.32,6.8
435,0.4,"Concealers",6347.28,6.7
435,0.4,"Revealers",4987.24,6.16
436,0.4,"Concealers",6828.42,7.2
436,0.4,"Revealers",6436.88,7
437,0.4,"Concealers",7361.68,7.32
437,0.4,"Revealers",7665.02,7.52
438,0.4,"Concealers",6850.2,7.04
438,0.4,"Revealers",5611.4,6.44
439,0.4,"Concealers",7064.12,7.18
439,0.4,"Revealers",5756.18,6.62
440,0.4,"Concealers",7530.22,7.28
440,0.4,"Revealers",5216.76,6.36
441,0.4,"Concealers",7397.72,7.4
441,0.4,"Revealers",6633.56,7.06
442,0.4,"Concealers",7149.36,7.24
442,0.4,"Revealers",6726.26,7
443,0.4,"Concealers",6050.36,6.64
443,0.4,"Revealers",5283.98,6.32
444,0.4,"Concealers",7065.82,7.2
444,0.4,"Revealers",6292.84,6.76
445,0.4,"Concealers",6760.32,7.06
445,0.4,"Revealers",6397.58,6.88
446,0.4,"Concealers",5840.7,6.7
446,0.4,"Revealers",7324.64,7.34
447,0.4,"Concealers",6825.28,6.92
447,0.4,"Revealers",4528.62,5.96
448,0.4,"Concealers",7264.66,7.32
448,0.4,"Revealers",6450.32,6.96
449,0.4,"Concealers",6110.1,6.6
449,0.4,"Revealers",4286.32,5.8
450,0.4,"Concealers",6951.44,7.28
450,0.4,"Revealers",6452.22,6.9
451,0.4,"Concealers",4758.34,6.1
451,0.4,"Revealers",6413.46,6.76
452,0.4,"Concealers",7400.58,7.36
452,0.4,"Revealers",7162.98,7.34
453,0.4,"Concealers",6651.32,7.08
453,0.4,"Revealers",7086.5,7.3
454,0.4,"Concealers",5219.9,6.24
454,0.4,"Revealers",4446.4,5.86
455,0.4,"Concealers",6225.22,6.76
455,0.4,"Revealers",5200.78,6.24
456,0.4,"Concealers",7163.28,7.26
456,0.4,"Revealers",6324.98,6.86
457,0.4,"Concealers",6606,6.98
457,0.4,"Revealers",6510.98,7.02
458,0.4,"Concealers",6067.32,6.58
458,0.4,"Revealers",4939.54,6.1
459,0.4,"Concealers",6687.46,7.02
459,0.4,"Revealers",5900.86,6.62
460,0.4,"Concealers",6924.6,7.14
460,0.4,"Revealers",5285.12,6.44
461,0.4,"Concealers",6277.94,6.82
461,0.4,"Revealers",6149.28,6.76
462,0.4,"Concealers",5753.04,6.36
462,0.4,"Revealers",3841.32,5.58
463,0.4,"Concealers",5831.34,6.58
463,0.4,"Revealers",7733.96,7.46
464,0.4,"Concealers",6081.34,6.76
464,0.4,"Revealers",5615.74,6.58
465,0.4,"Concealers",6191.48,6.56
465,0.4,"Revealers",4404,5.92
466,0.4,"Concealers",7705.1,7.56
466,0.4,"Revealers",6612.2,7.04
467,0.4,"Concealers",5537.74,6.28
467,0.4,"Revealers",4922.94,6.16
468,0.4,"Concealers",6215.36,6.62
468,0.4,"Revealers",5061.74,6.18
469,0.4,"Concealers",6847.3,7
469,0.4,"Revealers",4844.72,6.14
470,0.4,"Concealers",7354.32,7.24
470,0.4,"Revealers",6781.64,7.08
471,0.4,"Concealers",7160.4,7.2
471,0.4,"Revealers",4881.72,6.22
472,0.4,"Concealers",8288.72,7.94
472,0.4,"Revealers",6488.94,6.9
473,0.4,"Concealers",7574.58,7.32
473,0.4,"Revealers",7023.38,7.22
474,0.4,"Concealers",6588.34,6.96
474,0.4,"Revealers",5542.84,6.4
475,0.4,"Concealers",6888.26,6.98
475,0.4,"Revealers",5588.38,6.5
476,0.4,"Concealers",6862.96,6.92
476,0.4,"Revealers",4459.5,5.92
477,0.4,"Concealers",5828.8,6.42
477,0.4,"Revealers",4344.52,5.78
478,0.4,"Concealers",7120.46,7.2
478,0.4,"Revealers",6675.86,6.96
479,0.4,"Concealers",7392.02,7.24
479,0.4,"Revealers",5941.62,6.72
480,0.4,"Concealers",6913.5,6.96
480,0.4,"Revealers",4883.04,6.14
481,0.4,"Concealers",6862.5,7.12
481,0.4,"Revealers",6335.58,6.88
482,0.4,"Concealers",7076.14,7.02
482,0.4,"Revealers",5435.52,6.42
483,0.4,"Concealers",7659.14,7.46
483,0.4,"Revealers",7236.14,7.28
484,0.4,"Concealers",6107.78,6.48
484,0.4,"Revealers",5316.76,6.28
485,0.4,"Concealers",6883.94,7.16
485,0.4,"Revealers",5909.38,6.68
486,0.4,"Concealers",7115.38,7.24
486,0.4,"Revealers",5620.3,6.52
487,0.4,"Concealers",7116.82,7.14
487,0.4,"Revealers",5741.84,6.6
488,0.4,"Concealers",6108.78,6.68
488,0.4,"Revealers",6134.7,6.74
489,0.4,"Concealers",7879.92,7.7
489,0.4,"Revealers",7580.12,7.54
490,0.4,"Concealers",6865.8,7.04
490,0.4,"Revealers",6326.24,6.86
491,0.4,"Concealers",6825.02,7.02
491,0.4,"Revealers",5166.58,6.28
492,0.4,"Concealers",6278.92,6.86
492,0.4,"Revealers",7087.26,7.26
493,0.4,"Concealers",6541.86,6.98
493,0.4,"Revealers",7039.3,7.3
494,0.4,"Concealers",7596.5,7.54
494,0.4,"Revealers",6724.06,7.06
495,0.4,"Concealers",7486.88,7.46
495,0.4,"Revealers",7586.98,7.48
496,0.4,"Concealers",6293.22,6.74
496,0.4,"Revealers",5196.58,6.3
497,0.4,"Concealers",6584.42,6.9
497,0.4,"Revealers",6750.6,7.16
498,0.4,"Concealers",5616.66,6.18
498,0.4,"Revealers",3110.7,5.24
499,0.4,"Concealers",7348.34,7.36
499,0.4,"Revealers",6588.22,7.08
500,0.4,"Concealers",8481.24,7.8
500,0.4,"Revealers",5581.88,6.46
501,0.5,"Concealers",6447.36,6.7
501,0.5,"Revealers",4776.68,6.04
502,0.5,"Concealers",5760.12,6.4
502,0.5,"Revealers",4943.44,6.08
503,0.5,"Concealers",6516.36,6.9
503,0.5,"Revealers",7096.32,7.18
504,0.5,"Concealers",6326.62,6.74
504,0.5,"Revealers",5545.96,6.4
505,0.5,"Concealers",5938.34,6.8
505,0.5,"Revealers",7234.96,7.32
506,0.5,"Concealers",5622.3,6.48
506,0.5,"Revealers",5866.28,6.7
507,0.5,"Concealers",5887.18,6.36
507,0.5,"Revealers",4201.78,5.78
508,0.5,"Concealers",5488.1,6.38
508,0.5,"Revealers",6183.1,6.64
509,0.5,"Concealers",7005.14,7.28
509,0.5,"Revealers",6525.02,7.06
510,0.5,"Concealers",6776.2,7.18
510,0.5,"Revealers",6809.42,7.14
511,0.5,"Concealers",6400.62,6.82
511,0.5,"Revealers",5038.14,6.3
512,0.5,"Concealers",7440.14,7.54
512,0.5,"Revealers",6909.42,7.08
513,0.5,"Concealers",6823.46,7.1
513,0.5,"Revealers",7338.68,7.3
514,0.5,"Concealers",5427.98,6.24
514,0.5,"Revealers",4839.48,6.02
515,0.5,"Concealers",7187.64,7.18
515,0.5,"Revealers",5119.06,6.2
516,0.5,"Concealers",7398.18,7.4
516,0.5,"Revealers",6725.88,7.1
517,0.5,"Concealers",5768.34,6.36
517,0.5,"Revealers",4484.42,5.88
518,0.5,"Concealers",5956.78,6.76
518,0.5,"Revealers",6966.82,7.06
519,0.5,"Concealers",7018.8,7.22
519,0.5,"Revealers",6238.02,6.88
520,0.5,"Concealers",6989.56,7.16
520,0.5,"Revealers",6144.78,6.8
521,0.5,"Concealers",7378.46,7.16
521,0.5,"Revealers",5146.06,6.36
522,0.5,"Concealers",6724.84,6.96
522,0.5,"Revealers",5096.18,6.3
523,0.5,"Concealers",6370.22,6.9
523,0.5,"Revealers",7001.56,7.1
524,0.5,"Concealers",6377.4,6.6
524,0.5,"Revealers",4404.92,5.88
525,0.5,"Concealers",5866.96,6.64
525,0.5,"Revealers",6087.5,6.64
526,0.5,"Concealers",7178.78,7.26
526,0.5,"Revealers",7099.36,7.22
527,0.5,"Concealers",6909.5,7.18
527,0.5,"Revealers",7770.56,7.48
528,0.5,"Concealers",7312.28,7.26
528,0.5,"Revealers",5068.42,6.32
529,0.5,"Concealers",6328.76,6.74
529,0.5,"Revealers",4445.34,5.9
530,0.5,"Concealers",8114.94,7.74
530,0.5,"Revealers",7090.76,7.24
531,0.5,"Concealers",6969.02,7.22
531,0.5,"Revealers",7505.62,7.44
532,0.5,"Concealers",6922.34,6.98
532,0.5,"Revealers",5613.26,6.56
533,0.5,"Concealers",5831.94,6.62
533,0.5,"Revealers",6465.68,6.84
534,0.5,"Concealers",6633.06,7.02
534,0.5,"Revealers",6239.36,6.84
535,0.5,"Concealers",6655.24,6.76
535,0.5,"Revealers",4810.46,6.14
536,0.5,"Concealers",7284.96,7.28
536,0.5,"Revealers",4942.88,6.08
537,0.5,"Concealers",6250.5,6.48
537,0.5,"Revealers",4286.92,5.78
538,0.5,"Concealers",5391.44,6.28
538,0.5,"Revealers",5368.04,6.28
539,0.5,"Concealers",6307.66,6.96
539,0.5,"Revealers",6497.5,7.06
540,0.5,"Concealers",5690.3,6.54
540,0.5,"Revealers",6014.34,6.66
541,0.5,"Concealers",7390.88,7.4
541,0.5,"Revealers",5861.74,6.72
542,0.5,"Concealers",5284.62,6.14
542,0.5,"Revealers",4042.7,5.74
543,0.5,"Concealers",6292.42,6.86
543,0.5,"Revealers",7124.96,7.28
544,0.5,"Concealers",6337.84,6.82
544,0.5,"Revealers",4887,6.14
545,0.5,"Concealers",7430.76,7.3
545,0.5,"Revealers",5329.92,6.4
546,0.5,"Concealers",6649.74,6.96
546,0.5,"Revealers",6078.06,6.74
547,0.5,"Concealers",7007.1,7.1
547,0.5,"Revealers",7441.22,7.42
548,0.5,"Concealers",6306.92,6.94
548,0.5,"Revealers",6685.8,7.06
549,0.5,"Concealers",6455.08,6.8
549,0.5,"Revealers",6270.14,6.72
550,0.5,"Concealers",6266.58,6.8
550,0.5,"Revealers",7000.34,7.26
551,0.5,"Concealers",6040.9,6.78
551,0.5,"Revealers",8184.04,7.76
552,0.5,"Concealers",6655.54,6.98
552,0.5,"Revealers",7310.64,7.28
553,0.5,"Concealers",6100.86,6.8
553,0.5,"Revealers",6254.66,6.9
554,0.5,"Concealers",5751.8,6.38
554,0.5,"Revealers",4763.8,6.02
555,0.5,"Concealers",6472.36,7.04
555,0.5,"Revealers",6115.46,6.72
556,0.5,"Concealers",5629.6,6.38
556,0.5,"Revealers",4732.04,6.12
557,0.5,"Concealers",7424.62,7.36
557,0.5,"Revealers",5758.24,6.58
558,0.5,"Concealers",6904.62,7.04
558,0.5,"Revealers",5805.3,6.58
559,0.5,"Concealers",6770.6,6.84
559,0.5,"Revealers",4554.76,5.92
560,0.5,"Concealers",6776.5,7.06
560,0.5,"Revealers",5778.78,6.54
561,0.5,"Concealers",5383.58,6.26
561,0.5,"Revealers",4422.2,5.94
562,0.5,"Concealers",6039.3,6.74
562,0.5,"Revealers",7599.9,7.46
563,0.5,"Concealers",5700.82,6.42
563,0.5,"Revealers",4071.46,5.82
564,0.5,"Concealers",6921.48,7.12
564,0.5,"Revealers",7908.74,7.66
565,0.5,"Concealers",4859.86,6.24
565,0.5,"Revealers",7196.82,7.32
566,0.5,"Concealers",6597.32,7.02
566,0.5,"Revealers",6912.1,7.12
567,0.5,"Concealers",7008.64,7.14
567,0.5,"Revealers",7301.78,7.46
568,0.5,"Concealers",7004.14,7.2
568,0.5,"Revealers",8077.6,7.8
569,0.5,"Concealers",6879.2,6.92
569,0.5,"Revealers",4720.7,6.1
570,0.5,"Concealers",7084.66,7.28
570,0.5,"Revealers",6031.96,6.72
571,0.5,"Concealers",7202.32,7.24
571,0.5,"Revealers",5814.74,6.66
572,0.5,"Concealers",5916.36,6.48
572,0.5,"Revealers",4716.8,6.04
573,0.5,"Concealers",7423.08,7.52
573,0.5,"Revealers",7458.54,7.46
574,0.5,"Concealers",6001.3,6.8
574,0.5,"Revealers",7326.88,7.36
575,0.5,"Concealers",6377.24,6.92
575,0.5,"Revealers",7254.1,7.32
576,0.5,"Concealers",6962.38,7.12
576,0.5,"Revealers",6611.74,6.9
577,0.5,"Concealers",7283.66,7.26
577,0.5,"Revealers",6242.72,6.68
578,0.5,"Concealers",6457.68,6.88
578,0.5,"Revealers",4910.84,6.1
579,0.5,"Concealers",7828.4,7.58
579,0.5,"Revealers",6939.38,7.2
580,0.5,"Concealers",5966.8,6.74
580,0.5,"Revealers",7225.12,7.3
581,0.5,"Concealers",6170.06,6.86
581,0.5,"Revealers",7415.98,7.48
582,0.5,"Concealers",6573.56,6.8
582,0.5,"Revealers",4260.64,5.82
583,0.5,"Concealers",7308.52,7.46
583,0.5,"Revealers",6851.04,7.04
584,0.5,"Concealers",6567.16,7.02
584,0.5,"Revealers",6695.12,7
585,0.5,"Concealers",5609.12,6.36
585,0.5,"Revealers",5012.34,6.22
586,0.5,"Concealers",6964.98,7.08
586,0.5,"Revealers",4868.02,6.08
587,0.5,"Concealers",7618.46,7.46
587,0.5,"Revealers",6073.62,6.84
588,0.5,"Concealers",7015.56,7.26
588,0.5,"Revealers",7440.56,7.46
589,0.5,"Concealers",7435.28,7.4
589,0.5,"Revealers",7144.88,7.32
590,0.5,"Concealers",6631.66,7.06
590,0.5,"Revealers",7201.26,7.24
591,0.5,"Concealers",7762.22,7.52
591,0.5,"Revealers",7071.38,7.28
592,0.5,"Concealers",6485.82,6.92
592,0.5,"Revealers",6774.92,7.12
593,0.5,"Concealers",6100.36,6.86
593,0.5,"Revealers",7399.5,7.36
594,0.5,"Concealers",6982.5,6.9
594,0.5,"Revealers",4074.3,5.7
595,0.5,"Concealers",6566.16,6.94
595,0.5,"Revealers",6769.8,7.06
596,0.5,"Concealers",7075.44,7.1
596,0.5,"Revealers",7210.38,7.28
597,0.5,"Concealers",5561.04,6.24
597,0.5,"Revealers",3821.82,5.44
598,0.5,"Concealers",7912.18,7.52
598,0.5,"Revealers",6792.74,7.08
599,0.5,"Concealers",6539.32,7.02
599,0.5,"Revealers",5947.74,6.76
600,0.5,"Concealers",7415.14,7.38
600,0.5,"Revealers",6420.74,6.88
601,0.6,"Concealers",5305.52,6.38
601,0.6,"Revealers",6927.84,7.06
602,0.6,"Concealers",7444.74,7.38
602,0.6,"Revealers",8110.36,7.64
603,0.6,"Concealers",6637.74,6.8
603,0.6,"Revealers",5908.48,6.64
604,0.6,"Concealers",7617.14,7.52
604,0.6,"Revealers",7260.24,7.28
605,0.6,"Concealers",7121.36,7.22
605,0.6,"Revealers",6414.98,6.96
606,0.6,"Concealers",6743.94,6.98
606,0.6,"Revealers",6341.58,6.9
607,0.6,"Concealers",6286.62,6.88
607,0.6,"Revealers",7314.86,7.36
608,0.6,"Concealers",5899.76,6.52
608,0.6,"Revealers",5143.24,6.2
609,0.6,"Concealers",7245.3,7.36
609,0.6,"Revealers",5821.88,6.6
610,0.6,"Concealers",6564.08,6.98
610,0.6,"Revealers",6171.76,6.76
611,0.6,"Concealers",7515.84,7.48
611,0.6,"Revealers",6592.1,6.94
612,0.6,"Concealers",6104.32,6.76
612,0.6,"Revealers",7609.72,7.42
613,0.6,"Concealers",6039.04,6.62
613,0.6,"Revealers",5106.16,6.14
614,0.6,"Concealers",6440.42,6.86
614,0.6,"Revealers",6019.68,6.68
615,0.6,"Concealers",5875.66,6.6
615,0.6,"Revealers",7733.18,7.58
616,0.6,"Concealers",6120.74,6.74
616,0.6,"Revealers",8301.94,7.86
617,0.6,"Concealers",7055.88,7.08
617,0.6,"Revealers",5196.56,6.36
618,0.6,"Concealers",6327.32,6.82
618,0.6,"Revealers",7776.74,7.46
619,0.6,"Concealers",6538.96,6.74
619,0.6,"Revealers",4561.02,5.96
620,0.6,"Concealers",6711.54,7.06
620,0.6,"Revealers",5165.32,6.16
621,0.6,"Concealers",5292.04,6.36
621,0.6,"Revealers",6957.52,7.08
622,0.6,"Concealers",6905.32,7.1
622,0.6,"Revealers",6625.14,6.96
623,0.6,"Concealers",5378.04,6.38
623,0.6,"Revealers",6322.4,6.92
624,0.6,"Concealers",6223.1,6.52
624,0.6,"Revealers",3388.78,5.38
625,0.6,"Concealers",6621.08,7
625,0.6,"Revealers",4856.58,6.06
626,0.6,"Concealers",5881.24,6.64
626,0.6,"Revealers",4577.64,5.94
627,0.6,"Concealers",7116.18,7.28
627,0.6,"Revealers",7205.06,7.3
628,0.6,"Concealers",5710.26,6.4
628,0.6,"Revealers",4815.52,6.16
629,0.6,"Concealers",6045.1,6.78
629,0.6,"Revealers",6787.6,7.12
630,0.6,"Concealers",6895.82,6.98
630,0.6,"Revealers",7674.42,7.58
631,0.6,"Concealers",6384.84,6.72
631,0.6,"Revealers",4295.36,5.8
632,0.6,"Concealers",6524.72,6.86
632,0.6,"Revealers",7635.04,7.28
633,0.6,"Concealers",7188.82,7.08
633,0.6,"Revealers",5011.72,6.18
634,0.6,"Concealers",7295.74,7.4
634,0.6,"Revealers",5546.62,6.46
635,0.6,"Concealers",8072.04,7.68
635,0.6,"Revealers",6454.36,6.92
636,0.6,"Concealers",7695.54,7.5
636,0.6,"Revealers",6383.94,6.84
637,0.6,"Concealers",7399.5,7.24
637,0.6,"Revealers",5650.26,6.5
638,0.6,"Concealers",7207.36,7.24
638,0.6,"Revealers",5529.3,6.38
639,0.6,"Concealers",7284.58,7.26
639,0.6,"Revealers",6648.54,7.12
640,0.6,"Concealers",6430.4,6.84
640,0.6,"Revealers",5138.72,6.34
641,0.6,"Concealers",7130.96,7.36
641,0.6,"Revealers",7195.22,7.3
642,0.6,"Concealers",6917.58,6.92
642,0.6,"Revealers",5059.14,6.08
643,0.6,"Concealers",6589.38,6.9
643,0.6,"Revealers",7404.54,7.34
644,0.6,"Concealers",6111.94,6.68
644,0.6,"Revealers",6248.74,6.82
645,0.6,"Concealers",5985.38,6.54
645,0.6,"Revealers",7391.38,7.34
646,0.6,"Concealers",7326.92,7.32
646,0.6,"Revealers",7472.34,7.4
647,0.6,"Concealers",4350.38,5.78
647,0.6,"Revealers",6204,6.7
648,0.6,"Concealers",7189.9,7.16
648,0.6,"Revealers",5161.22,6.26
649,0.6,"Concealers",5145.62,6.32
649,0.6,"Revealers",6267.24,6.62
650,0.6,"Concealers",7089.6,7.16
650,0.6,"Revealers",5214.1,6.42
651,0.6,"Concealers",7231.58,7.24
651,0.6,"Revealers",4834.26,6.22
652,0.6,"Concealers",5862.48,6.22
652,0.6,"Revealers",3364.48,5.26
653,0.6,"Concealers",6807.2,7.12
653,0.6,"Revealers",7533.6,7.52
654,0.6,"Concealers",6741.14,6.84
654,0.6,"Revealers",4614.98,6.02
655,0.6,"Concealers",6058.92,6.54
655,0.6,"Revealers",4422.3,5.88
656,0.6,"Concealers",5845.6,6.68
656,0.6,"Revealers",5820.96,6.56
657,0.6,"Concealers",6498.1,6.86
657,0.6,"Revealers",6685.2,7.06
658,0.6,"Concealers",6360.3,6.8
658,0.6,"Revealers",5313.34,6.4
659,0.6,"Concealers",5949.98,6.56
659,0.6,"Revealers",3885.1,5.7
660,0.6,"Concealers",6914.28,7.02
660,0.6,"Revealers",5637.3,6.52
661,0.6,"Concealers",6448.1,6.86
661,0.6,"Revealers",5420.96,6.54
662,0.6,"Concealers",7195.38,7.16
662,0.6,"Revealers",4851.14,6.08
663,0.6,"Concealers",6167.58,6.58
663,0.6,"Revealers",6272.34,6.84
664,0.6,"Concealers",6396.38,6.74
664,0.6,"Revealers",4799.52,6.14
665,0.6,"Concealers",6163.38,6.7
665,0.6,"Revealers",5219.56,6.34
666,0.6,"Concealers",5952.62,6.62
666,0.6,"Revealers",4783.24,6.04
667,0.6,"Concealers",6613.88,7.08
667,0.6,"Revealers",7761.24,7.66
668,0.6,"Concealers",6165.44,6.76
668,0.6,"Revealers",5096.42,6.2
669,0.6,"Concealers",7776.62,7.46
669,0.6,"Revealers",7271.68,7.12
670,0.6,"Concealers",5947.44,6.62
670,0.6,"Revealers",5979.1,6.62
671,0.6,"Concealers",3560.62,5.48
671,0.6,"Revealers",5200.36,5.88
672,0.6,"Concealers",6572.3,6.84
672,0.6,"Revealers",4831.52,5.98
673,0.6,"Concealers",5437.82,6.18
673,0.6,"Revealers",3904.38,5.68
674,0.6,"Concealers",4583.34,5.42
674,0.6,"Revealers",2670.74,4.94
675,0.6,"Concealers",6439.5,6.84
675,0.6,"Revealers",6850.94,6.96
676,0.6,"Concealers",6814.22,7.08
676,0.6,"Revealers",7016.58,7.18
677,0.6,"Concealers",7555.5,7.42
677,0.6,"Revealers",6943.52,7.26
678,0.6,"Concealers",5371.78,6.38
678,0.6,"Revealers",5873.06,6.58
679,0.6,"Concealers",5851.98,6.76
679,0.6,"Revealers",7583.94,7.38
680,0.6,"Concealers",6164.24,6.4
680,0.6,"Revealers",4272.2,5.82
681,0.6,"Concealers",5696.9,6.24
681,0.6,"Revealers",5096.52,6.18
682,0.6,"Concealers",6755.02,7.02
682,0.6,"Revealers",6272.5,6.74
683,0.6,"Concealers",7151.6,7.22
683,0.6,"Revealers",5857.7,6.74
684,0.6,"Concealers",6499.2,6.76
684,0.6,"Revealers",4290.18,5.68
685,0.6,"Concealers",7417.22,7.26
685,0.6,"Revealers",5608.66,6.62
686,0.6,"Concealers",7259.36,7.1
686,0.6,"Revealers",5038.48,6.16
687,0.6,"Concealers",5902.64,6.54
687,0.6,"Revealers",5764.24,6.54
688,0.6,"Concealers",7785.3,7.6
688,0.6,"Revealers",5913.7,6.7
689,0.6,"Concealers",5898.14,6.66
689,0.6,"Revealers",7286.56,7.28
690,0.6,"Concealers",6914.5,7.04
690,0.6,"Revealers",5968.42,6.58
691,0.6,"Concealers",6726.56,7.08
691,0.6,"Revealers",7279,7.3
692,0.6,"Concealers",5989.3,6.78
692,0.6,"Revealers",7000.48,7.22
693,0.6,"Concealers",5376.84,6.36
693,0.6,"Revealers",6781.44,6.98
694,0.6,"Concealers",6206,6.76
694,0.6,"Revealers",7352.74,7.5
695,0.6,"Concealers",6190.38,6.86
695,0.6,"Revealers",7305,7.34
696,0.6,"Concealers",6155.18,6.6
696,0.6,"Revealers",4680.08,6.02
697,0.6,"Concealers",5471.92,6.42
697,0.6,"Revealers",5989.52,6.56
698,0.6,"Concealers",5533.8,6.48
698,0.6,"Revealers",6045.54,6.68
699,0.6,"Concealers",7940.38,7.58
699,0.6,"Revealers",5891,6.74
700,0.6,"Concealers",6831.28,7.2
700,0.6,"Revealers",6505.14,6.94
701,0.7,"Concealers",7459.78,7.4
701,0.7,"Revealers",5162.26,6.26
702,0.7,"Concealers",5980.56,6.64
702,0.7,"Revealers",6368.96,6.78
703,0.7,"Concealers",7711.82,7.44
703,0.7,"Revealers",7212.3,7.22
704,0.7,"Concealers",5888.38,6.76
704,0.7,"Revealers",6866.86,7.02
705,0.7,"Concealers",6298.7,6.58
705,0.7,"Revealers",5142.98,6.26
706,0.7,"Concealers",6632.42,7
706,0.7,"Revealers",7323.84,7.32
707,0.7,"Concealers",7165.08,7.26
707,0.7,"Revealers",8305.74,7.86
708,0.7,"Concealers",6902.92,7.08
708,0.7,"Revealers",6874.6,7.12
709,0.7,"Concealers",4804.6,6.14
709,0.7,"Revealers",6196.54,6.66
710,0.7,"Concealers",6948.9,7.22
710,0.7,"Revealers",7927.36,7.62
711,0.7,"Concealers",5081.66,6.28
711,0.7,"Revealers",7553.16,7.3
712,0.7,"Concealers",5715.4,6.48
712,0.7,"Revealers",4686.98,5.9
713,0.7,"Concealers",7692.92,7.62
713,0.7,"Revealers",6780.9,7.04
714,0.7,"Concealers",6918.72,7.06
714,0.7,"Revealers",5683.52,6.52
715,0.7,"Concealers",7426.4,7.34
715,0.7,"Revealers",7389.34,7.42
716,0.7,"Concealers",4670.96,5.98
716,0.7,"Revealers",6981.16,7.02
717,0.7,"Concealers",7561.6,7.42
717,0.7,"Revealers",6093.44,6.84
718,0.7,"Concealers",5946.82,6.62
718,0.7,"Revealers",6651.54,6.82
719,0.7,"Concealers",7076.2,7.04
719,0.7,"Revealers",6113.54,6.68
720,0.7,"Concealers",5445.16,6.48
720,0.7,"Revealers",6400.5,6.86
721,0.7,"Concealers",7367.52,7.16
721,0.7,"Revealers",4652.16,5.98
722,0.7,"Concealers",5730.98,6.42
722,0.7,"Revealers",4391.44,5.82
723,0.7,"Concealers",6954.7,7.14
723,0.7,"Revealers",6377.24,6.9
724,0.7,"Concealers",6537.68,7
724,0.7,"Revealers",5710.12,6.58
725,0.7,"Concealers",6150.46,6.7
725,0.7,"Revealers",7762.02,7.44
726,0.7,"Concealers",5235.82,6.26
726,0.7,"Revealers",5749.8,6.56
727,0.7,"Concealers",6230.58,6.58
727,0.7,"Revealers",4872.36,6.12
728,0.7,"Concealers",6189.5,6.58
728,0.7,"Revealers",4598.42,5.92
729,0.7,"Concealers",7464.68,7.42
729,0.7,"Revealers",5554.8,6.36
730,0.7,"Concealers",7157.3,7.08
730,0.7,"Revealers",5634.26,6.44
731,0.7,"Concealers",6696.44,7.06
731,0.7,"Revealers",7102.62,7.3
732,0.7,"Concealers",7690.8,7.44
732,0.7,"Revealers",6020.78,6.72
733,0.7,"Concealers",6626.88,6.78
733,0.7,"Revealers",5525.98,6.44
734,0.7,"Concealers",6833.02,6.92
734,0.7,"Revealers",6592.34,7.02
735,0.7,"Concealers",6718.64,6.98
735,0.7,"Revealers",6541.34,6.84
736,0.7,"Concealers",6427.22,6.88
736,0.7,"Revealers",6122.6,6.9
737,0.7,"Concealers",7105.7,7
737,0.7,"Revealers",5029.14,6.2
738,0.7,"Concealers",5756.18,6.42
738,0.7,"Revealers",4777.56,6.04
739,0.7,"Concealers",5229.76,6.3
739,0.7,"Revealers",6534.8,6.86
740,0.7,"Concealers",7054.52,7.22
740,0.7,"Revealers",5806.94,6.58
741,0.7,"Concealers",6167.48,6.78
741,0.7,"Revealers",5834.56,6.46
742,0.7,"Concealers",6691.9,6.94
742,0.7,"Revealers",5222.4,6.22
743,0.7,"Concealers",5611.1,6.52
743,0.7,"Revealers",7578.14,7.44
744,0.7,"Concealers",4761.06,6.02
744,0.7,"Revealers",6764.5,6.88
745,0.7,"Concealers",6168.3,6.7
745,0.7,"Revealers",6623.28,7.02
746,0.7,"Concealers",6825.24,7.08
746,0.7,"Revealers",7476.38,7.58
747,0.7,"Concealers",7306.44,7.24
747,0.7,"Revealers",6639.72,6.98
748,0.7,"Concealers",6482.7,7.06
748,0.7,"Revealers",6781.24,7.06
749,0.7,"Concealers",5958.94,6.64
749,0.7,"Revealers",6823.68,7.02
750,0.7,"Concealers",4633.7,5.96
750,0.7,"Revealers",6639.38,6.9
751,0.7,"Concealers",6703.7,7.02
751,0.7,"Revealers",5909.1,6.58
752,0.7,"Concealers",5985.08,6.74
752,0.7,"Revealers",5965.56,6.74
753,0.7,"Concealers",5870.5,6.52
753,0.7,"Revealers",4624.44,5.98
754,0.7,"Concealers",5868.56,6.36
754,0.7,"Revealers",3451.64,5.4
755,0.7,"Concealers",6780,7.08
755,0.7,"Revealers",5835.76,6.7
756,0.7,"Concealers",5439.06,6.16
756,0.7,"Revealers",4052.82,5.66
757,0.7,"Concealers",6062.88,6.72
757,0.7,"Revealers",4936.46,6.22
758,0.7,"Concealers",5004.76,6.16
758,0.7,"Revealers",7009.72,7.1
759,0.7,"Concealers",7140.12,7.22
759,0.7,"Revealers",5536.7,6.46
760,0.7,"Concealers",5419.28,6.18
760,0.7,"Revealers",3993.42,5.74
761,0.7,"Concealers",7138.96,7.08
761,0.7,"Revealers",4420.64,5.86
762,0.7,"Concealers",5887.8,6.58
762,0.7,"Revealers",7151.68,7.2
763,0.7,"Concealers",6687.74,7.08
763,0.7,"Revealers",8150.64,7.66
764,0.7,"Concealers",5955.3,6.6
764,0.7,"Revealers",5865.28,6.62
765,0.7,"Concealers",7409.02,7.28
765,0.7,"Revealers",5654.76,6.52
766,0.7,"Concealers",5135.5,6.32
766,0.7,"Revealers",7049.52,7.18
767,0.7,"Concealers",6281.24,6.84
767,0.7,"Revealers",6524.4,6.92
768,0.7,"Concealers",4753.6,6.04
768,0.7,"Revealers",6810.3,6.96
769,0.7,"Concealers",5501.26,6.42
769,0.7,"Revealers",7359.5,7.26
770,0.7,"Concealers",6356.38,6.84
770,0.7,"Revealers",5268.8,6.34
771,0.7,"Concealers",5273.7,6.32
771,0.7,"Revealers",6830.38,7
772,0.7,"Concealers",5946.72,6.62
772,0.7,"Revealers",7102.06,7.22
773,0.7,"Concealers",6464.4,6.92
773,0.7,"Revealers",5722.56,6.58
774,0.7,"Concealers",7053.14,7.42
774,0.7,"Revealers",6623.46,6.88
775,0.7,"Concealers",5424.98,6.4
775,0.7,"Revealers",7593.62,7.48
776,0.7,"Concealers",5841.76,6.54
776,0.7,"Revealers",6527.86,6.92
777,0.7,"Concealers",4857.92,6.2
777,0.7,"Revealers",7163.6,7.08
778,0.7,"Concealers",7059.86,7.18
778,0.7,"Revealers",6582.26,6.94
779,0.7,"Concealers",6465.28,6.96
779,0.7,"Revealers",7595.64,7.42
780,0.7,"Concealers",7399.96,7.44
780,0.7,"Revealers",5915.36,6.76
781,0.7,"Concealers",6884.12,7.02
781,0.7,"Revealers",5075.64,6.22
782,0.7,"Concealers",7174.78,7.24
782,0.7,"Revealers",7357.04,7.52
783,0.7,"Concealers",5811.6,6.54
783,0.7,"Revealers",7149.48,7.18
784,0.7,"Concealers",6709.22,6.9
784,0.7,"Revealers",3922.16,5.7
785,0.7,"Concealers",7708.76,7.48
785,0.7,"Revealers",5147.36,6.2
786,0.7,"Concealers",6468.44,6.76
786,0.7,"Revealers",4409.38,5.88
787,0.7,"Concealers",5808.42,6.4
787,0.7,"Revealers",3853.3,5.6
788,0.7,"Concealers",5084.84,5.66
788,0.7,"Revealers",3163.78,5.26
789,0.7,"Concealers",7723.46,7.48
789,0.7,"Revealers",6806.56,7.08
790,0.7,"Concealers",4495.76,5.84
790,0.7,"Revealers",6717.12,7
791,0.7,"Concealers",7408.34,7.48
791,0.7,"Revealers",6274.22,6.78
792,0.7,"Concealers",7048.32,6.96
792,0.7,"Revealers",5218.02,6.26
793,0.7,"Concealers",6809.96,7.14
793,0.7,"Revealers",7894.3,7.56
794,0.7,"Concealers",6584.26,6.9
794,0.7,"Revealers",4950.3,6.2
795,0.7,"Concealers",6593.58,6.9
795,0.7,"Revealers",5188,6.24
796,0.7,"Concealers",7224.6,7.26
796,0.7,"Revealers",5791.58,6.56
797,0.7,"Concealers",5430.72,6.18
797,0.7,"Revealers",4154.06,5.66
798,0.7,"Concealers",7132.4,7.2
798,0.7,"Revealers",5808.04,6.56
799,0.7,"Concealers",6392.8,6.86
799,0.7,"Revealers",6865.98,7.14
800,0.7,"Concealers",6033.84,6.52
800,0.7,"Revealers",5305.66,6.3
801,0.8,"Concealers",7137.2,7.2
801,0.8,"Revealers",5808.92,6.64
802,0.8,"Concealers",5695.62,6.52
802,0.8,"Revealers",6258.6,6.74
803,0.8,"Concealers",6319.76,6.9
803,0.8,"Revealers",6985.2,7
804,0.8,"Concealers",6921.5,7.14
804,0.8,"Revealers",7296.74,7.42
805,0.8,"Concealers",6459.16,6.9
805,0.8,"Revealers",6862.26,7.14
806,0.8,"Concealers",5813.48,6.68
806,0.8,"Revealers",8287.3,7.8
807,0.8,"Concealers",7123.98,7.12
807,0.8,"Revealers",5136.16,6.28
808,0.8,"Concealers",5231.4,6.26
808,0.8,"Revealers",6820.06,6.9
809,0.8,"Concealers",5053.8,6.16
809,0.8,"Revealers",5638.32,6.46
810,0.8,"Concealers",3777.76,5.54
810,0.8,"Revealers",5728.14,6.42
811,0.8,"Concealers",7288.82,7.24
811,0.8,"Revealers",7404.46,7.32
812,0.8,"Concealers",5563.86,6.46
812,0.8,"Revealers",7305.14,7.26
813,0.8,"Concealers",4088.18,5.64
813,0.8,"Revealers",5770.86,6.36
814,0.8,"Concealers",6841.44,7.18
814,0.8,"Revealers",7901.7,7.48
815,0.8,"Concealers",6346.98,6.74
815,0.8,"Revealers",4271.78,5.74
816,0.8,"Concealers",5842.46,6.7
816,0.8,"Revealers",6879.58,7
817,0.8,"Concealers",5049.12,6.06
817,0.8,"Revealers",4388.64,5.8
818,0.8,"Concealers",7531.1,7.38
818,0.8,"Revealers",5914.3,6.8
819,0.8,"Concealers",6707.62,6.94
819,0.8,"Revealers",5304.86,6.24
820,0.8,"Concealers",7484.76,7.42
820,0.8,"Revealers",6260.1,6.82
821,0.8,"Concealers",6684.3,6.98
821,0.8,"Revealers",6920.8,7.14
822,0.8,"Concealers",5671.6,6.54
822,0.8,"Revealers",7202.1,7.3
823,0.8,"Concealers",5977.02,6.64
823,0.8,"Revealers",6205.72,6.9
824,0.8,"Concealers",5352.74,6.34
824,0.8,"Revealers",6786.66,7.06
825,0.8,"Concealers",6425.96,6.9
825,0.8,"Revealers",7241.48,7.32
826,0.8,"Concealers",7002.26,7.14
826,0.8,"Revealers",5196.6,6.32
827,0.8,"Concealers",3410.88,5.3
827,0.8,"Revealers",5686,6.26
828,0.8,"Concealers",5513.9,6.24
828,0.8,"Revealers",5495.14,6.42
829,0.8,"Concealers",4247.5,5.74
829,0.8,"Revealers",6496.2,6.9
830,0.8,"Concealers",6309.78,6.6
830,0.8,"Revealers",5537.22,6.42
831,0.8,"Concealers",6429.3,6.7
831,0.8,"Revealers",4333.74,5.74
832,0.8,"Concealers",5216.3,6.26
832,0.8,"Revealers",6429.8,6.7
833,0.8,"Concealers",6919.58,7.24
833,0.8,"Revealers",5843.88,6.7
834,0.8,"Concealers",6002.6,6.44
834,0.8,"Revealers",5159.92,6.08
835,0.8,"Concealers",6299.16,6.78
835,0.8,"Revealers",5927.24,6.62
836,0.8,"Concealers",4713.52,6.12
836,0.8,"Revealers",6390.22,6.64
837,0.8,"Concealers",5658.54,6.18
837,0.8,"Revealers",4336.46,5.74
838,0.8,"Concealers",5609.36,6.42
838,0.8,"Revealers",6575.44,6.88
839,0.8,"Concealers",6864.98,7.04
839,0.8,"Revealers",4512.9,5.98
840,0.8,"Concealers",3473,5.32
840,0.8,"Revealers",5199.82,5.92
841,0.8,"Concealers",6824.1,7.02
841,0.8,"Revealers",7205.96,7.22
842,0.8,"Concealers",7594.34,7.44
842,0.8,"Revealers",7441.02,7.38
843,0.8,"Concealers",7324.94,7.18
843,0.8,"Revealers",4400.18,5.96
844,0.8,"Concealers",5201.8,6.24
844,0.8,"Revealers",6814.86,7.06
845,0.8,"Concealers",7170.62,7.24
845,0.8,"Revealers",6847.2,7.04
846,0.8,"Concealers",4213.56,5.74
846,0.8,"Revealers",6938.38,7.08
847,0.8,"Concealers",6736.28,7
847,0.8,"Revealers",5842.9,6.58
848,0.8,"Concealers",6944.18,7
848,0.8,"Revealers",4395.7,5.92
849,0.8,"Concealers",6900.66,7.12
849,0.8,"Revealers",6399.2,6.82
850,0.8,"Concealers",5946.1,6.56
850,0.8,"Revealers",5822.66,6.72
851,0.8,"Concealers",3649.9,5.5
851,0.8,"Revealers",5734.78,6.3
852,0.8,"Concealers",6897.68,7.04
852,0.8,"Revealers",7350.6,7.44
853,0.8,"Concealers",4809.18,6.04
853,0.8,"Revealers",5493.76,6.24
854,0.8,"Concealers",5863.06,6.52
854,0.8,"Revealers",6956.68,7.08
855,0.8,"Concealers",6864.1,6.98
855,0.8,"Revealers",5696.88,6.58
856,0.8,"Concealers",5375.9,6.1
856,0.8,"Revealers",5096.58,6.12
857,0.8,"Concealers",5632.84,6.32
857,0.8,"Revealers",4658.4,5.96
858,0.8,"Concealers",6976.78,6.94
858,0.8,"Revealers",4137.22,5.8
859,0.8,"Concealers",5629.56,6.5
859,0.8,"Revealers",5430.64,6.24
860,0.8,"Concealers",5483.06,6.4
860,0.8,"Revealers",6206.58,6.64
861,0.8,"Concealers",6515.62,6.84
861,0.8,"Revealers",6093.46,6.78
862,0.8,"Concealers",6087.56,6.78
862,0.8,"Revealers",4585.64,5.9
863,0.8,"Concealers",5092.6,6.12
863,0.8,"Revealers",6229.42,6.76
864,0.8,"Concealers",6462.9,6.9
864,0.8,"Revealers",5094.36,6.24
865,0.8,"Concealers",6353.92,6.8
865,0.8,"Revealers",5578.62,6.4
866,0.8,"Concealers",6759.78,7.06
866,0.8,"Revealers",6633.5,7.04
867,0.8,"Concealers",6606.72,7
867,0.8,"Revealers",7169.58,7.28
868,0.8,"Concealers",4989.06,6.1
868,0.8,"Revealers",6825.2,6.98
869,0.8,"Concealers",6542.22,6.58
869,0.8,"Revealers",4909.88,6.16
870,0.8,"Concealers",5925.56,6.74
870,0.8,"Revealers",5871.96,6.5
871,0.8,"Concealers",7384.28,7.36
871,0.8,"Revealers",5353,6.4
872,0.8,"Concealers",6301.84,7
872,0.8,"Revealers",6326.54,6.76
873,0.8,"Concealers",5735.62,6.46
873,0.8,"Revealers",6829.44,6.98
874,0.8,"Concealers",6844.46,7
874,0.8,"Revealers",8399.4,7.82
875,0.8,"Concealers",8099.68,7.62
875,0.8,"Revealers",6582.98,7
876,0.8,"Concealers",6472.68,6.88
876,0.8,"Revealers",7255.66,7.28
877,0.8,"Concealers",5857.2,6.38
877,0.8,"Revealers",5334.96,6.42
878,0.8,"Concealers",7315.6,7.3
878,0.8,"Revealers",5908.98,6.62
879,0.8,"Concealers",6483.78,6.94
879,0.8,"Revealers",7111.36,7.3
880,0.8,"Concealers",5385.4,6.32
880,0.8,"Revealers",6032.78,6.58
881,0.8,"Concealers",5650.26,6.56
881,0.8,"Revealers",6561.7,6.88
882,0.8,"Concealers",7232.86,7.28
882,0.8,"Revealers",5246,6.46
883,0.8,"Concealers",5677.74,6.52
883,0.8,"Revealers",6592.28,7.02
884,0.8,"Concealers",6345.94,6.86
884,0.8,"Revealers",6643.06,7.14
885,0.8,"Concealers",6758.38,6.74
885,0.8,"Revealers",4587.28,6.04
886,0.8,"Concealers",5713.24,6.36
886,0.8,"Revealers",4896.3,6.1
887,0.8,"Concealers",7706.9,7.4
887,0.8,"Revealers",5261.78,6.16
888,0.8,"Concealers",5702.94,6.6
888,0.8,"Revealers",7065.9,7.18
889,0.8,"Concealers",6405.72,6.92
889,0.8,"Revealers",6494.62,6.84
890,0.8,"Concealers",5383.7,6.46
890,0.8,"Revealers",6649.86,6.98
891,0.8,"Concealers",5257.34,6.36
891,0.8,"Revealers",6059.26,6.54
892,0.8,"Concealers",5469.52,6.46
892,0.8,"Revealers",6624.34,6.88
893,0.8,"Concealers",7029.14,7.1
893,0.8,"Revealers",5606.18,6.5
894,0.8,"Concealers",5453.18,6.38
894,0.8,"Revealers",7048.26,6.94
895,0.8,"Concealers",5008.14,6.16
895,0.8,"Revealers",7146.72,7.14
896,0.8,"Concealers",3992.4,5.72
896,0.8,"Revealers",5943.4,6.4
897,0.8,"Concealers",5062.82,6.2
897,0.8,"Revealers",6936.54,7.1
898,0.8,"Concealers",7598.9,7.44
898,0.8,"Revealers",6658.3,7.04
899,0.8,"Concealers",6624.14,7.06
899,0.8,"Revealers",6898.58,7.08
900,0.8,"Concealers",5841.56,6.5
900,0.8,"Revealers",5450.62,6.34
901,0.9,"Concealers",6451.7,6.92
901,0.9,"Revealers",6101.26,6.62
902,0.9,"Concealers",6883.3,7.02
902,0.9,"Revealers",4838.04,6.1
903,0.9,"Concealers",6498.78,6.76
903,0.9,"Revealers",6334.12,6.86
904,0.9,"Concealers",4153.12,5.74
904,0.9,"Revealers",6015.02,6.64
905,0.9,"Concealers",6248.02,6.66
905,0.9,"Revealers",4208.08,5.8
906,0.9,"Concealers",4277.46,5.84
906,0.9,"Revealers",5930.16,6.56
907,0.9,"Concealers",5007.88,6.32
907,0.9,"Revealers",7800.46,7.54
908,0.9,"Concealers",5365.72,6.28
908,0.9,"Revealers",5873.8,6.5
909,0.9,"Concealers",6364.4,6.86
909,0.9,"Revealers",4480.74,5.82
910,0.9,"Concealers",6490.92,6.66
910,0.9,"Revealers",4265.56,5.8
911,0.9,"Concealers",6003.64,6.58
911,0.9,"Revealers",3852.92,5.64
912,0.9,"Concealers",6952.9,7.06
912,0.9,"Revealers",5056.88,6.2
913,0.9,"Concealers",7094.88,7.2
913,0.9,"Revealers",4910.06,6.12
914,0.9,"Concealers",7942.76,7.52
914,0.9,"Revealers",5738.02,6.56
915,0.9,"Concealers",6645.06,6.92
915,0.9,"Revealers",5484.34,6.44
916,0.9,"Concealers",6614.16,7
916,0.9,"Revealers",6876.48,7.06
917,0.9,"Concealers",6053.16,6.7
917,0.9,"Revealers",5960.74,6.6
918,0.9,"Concealers",6873.4,7.08
918,0.9,"Revealers",6172.56,6.86
919,0.9,"Concealers",6172.2,6.78
919,0.9,"Revealers",5761.5,6.6
920,0.9,"Concealers",6682.86,7.04
920,0.9,"Revealers",7037.44,7.34
921,0.9,"Concealers",4454,5.92
921,0.9,"Revealers",5656.3,6.46
922,0.9,"Concealers",6214.8,6.78
922,0.9,"Revealers",7095.56,7.18
923,0.9,"Concealers",3884.02,5.62
923,0.9,"Revealers",6433.36,6.62
924,0.9,"Concealers",3903.84,5.64
924,0.9,"Revealers",5552.34,6.16
925,0.9,"Concealers",6279.52,6.82
925,0.9,"Revealers",6890.28,7.12
926,0.9,"Concealers",4213.12,5.74
926,0.9,"Revealers",6335.22,6.64
927,0.9,"Concealers",6361.48,6.86
927,0.9,"Revealers",6736.6,7.06
928,0.9,"Concealers",6635.56,6.96
928,0.9,"Revealers",4271.52,5.82
929,0.9,"Concealers",6127.5,6.5
929,0.9,"Revealers",5833.98,6.5
930,0.9,"Concealers",5489,6.48
930,0.9,"Revealers",7397.46,7.24
931,0.9,"Concealers",5937.5,6.66
931,0.9,"Revealers",7206.42,7.28
932,0.9,"Concealers",7277.48,7.42
932,0.9,"Revealers",5885.42,6.62
933,0.9,"Concealers",4522.56,5.94
933,0.9,"Revealers",6404.64,6.8
934,0.9,"Concealers",7037.96,7.22
934,0.9,"Revealers",6943,7.14
935,0.9,"Concealers",5070.8,6.14
935,0.9,"Revealers",6332.36,6.74
936,0.9,"Concealers",6622.48,7.04
936,0.9,"Revealers",4646.14,6.06
937,0.9,"Concealers",6845.38,7.2
937,0.9,"Revealers",6084.52,6.84
938,0.9,"Concealers",6935.04,7.08
938,0.9,"Revealers",5597.84,6.58
939,0.9,"Concealers",5448.02,6.3
939,0.9,"Revealers",5256.02,6.22
940,0.9,"Concealers",4437.92,5.96
940,0.9,"Revealers",7286.6,7.2
941,0.9,"Concealers",7053.64,7.18
941,0.9,"Revealers",6901.5,7.12
942,0.9,"Concealers",6847.72,6.88
942,0.9,"Revealers",5234.4,6.28
943,0.9,"Concealers",6730.52,6.94
943,0.9,"Revealers",5024.5,6.18
944,0.9,"Concealers",5817.34,6.64
944,0.9,"Revealers",6556.94,6.9
945,0.9,"Concealers",5505.6,6.26
945,0.9,"Revealers",4572.86,5.98
946,0.9,"Concealers",7260.7,7.18
946,0.9,"Revealers",5836.3,6.66
947,0.9,"Concealers",7331.1,7.3
947,0.9,"Revealers",5360.84,6.44
948,0.9,"Concealers",5736.52,6.48
948,0.9,"Revealers",5698.16,6.4
949,0.9,"Concealers",5807.8,6.4
949,0.9,"Revealers",4650.86,5.98
950,0.9,"Concealers",7405.5,7.38
950,0.9,"Revealers",8104.1,7.6
951,0.9,"Concealers",5374.5,6.46
951,0.9,"Revealers",7248.64,7.26
952,0.9,"Concealers",6979.98,7.12
952,0.9,"Revealers",7570.56,7.46
953,0.9,"Concealers",7416.32,7.36
953,0.9,"Revealers",4941.56,6.24
954,0.9,"Concealers",6430.02,6.94
954,0.9,"Revealers",5703.96,6.6
955,0.9,"Concealers",5771.68,6.56
955,0.9,"Revealers",7221.82,7.2
956,0.9,"Concealers",3613.82,5.34
956,0.9,"Revealers",6618.98,6.9
957,0.9,"Concealers",6310.1,6.68
957,0.9,"Revealers",3627.94,5.62
958,0.9,"Concealers",7057.18,7.24
958,0.9,"Revealers",6587.7,6.96
959,0.9,"Concealers",5796.82,6.5
959,0.9,"Revealers",4516.72,6.06
960,0.9,"Concealers",5865.86,6.6
960,0.9,"Revealers",6568.18,6.9
961,0.9,"Concealers",5161.74,6.3
961,0.9,"Revealers",6508.72,6.86
962,0.9,"Concealers",6973.46,7.14
962,0.9,"Revealers",7269.06,7.36
963,0.9,"Concealers",6014.5,6.56
963,0.9,"Revealers",5786.44,6.52
964,0.9,"Concealers",4998.2,6.2
964,0.9,"Revealers",6234.72,6.68
965,0.9,"Concealers",5428.58,6.48
965,0.9,"Revealers",5774,6.48
966,0.9,"Concealers",4844.58,6.12
966,0.9,"Revealers",6020.92,6.54
967,0.9,"Concealers",7130.4,7.28
967,0.9,"Revealers",5738.82,6.58
968,0.9,"Concealers",6818.76,6.9
968,0.9,"Revealers",5477.6,6.32
969,0.9,"Concealers",5676.7,6.58
969,0.9,"Revealers",6620.26,6.94
970,0.9,"Concealers",5475.42,6.32
970,0.9,"Revealers",5582.48,6.38
971,0.9,"Concealers",6481.52,7.02
971,0.9,"Revealers",4953.48,6.28
972,0.9,"Concealers",5308.22,6.4
972,0.9,"Revealers",6588.84,6.94
973,0.9,"Concealers",6777.56,7.02
973,0.9,"Revealers",5904.98,6.72
974,0.9,"Concealers",6138.98,6.68
974,0.9,"Revealers",4169.7,5.7
975,0.9,"Concealers",7197.84,7.18
975,0.9,"Revealers",6346.3,6.9
976,0.9,"Concealers",4370.34,5.86
976,0.9,"Revealers",6588.7,6.86
977,0.9,"Concealers",7303.1,7.32
977,0.9,"Revealers",6967.64,7.18
978,0.9,"Concealers",5504.42,6.42
978,0.9,"Revealers",5287.16,6.24
979,0.9,"Concealers",5471.28,6.42
979,0.9,"Revealers",7246.38,7.14
980,0.9,"Concealers",5408.86,6.28
980,0.9,"Revealers",4281.1,5.78
981,0.9,"Concealers",5910.32,6.72
981,0.9,"Revealers",7770.7,7.52
982,0.9,"Concealers",5889.36,6.62
982,0.9,"Revealers",7012.58,7.16
983,0.9,"Concealers",4493.98,5.86
983,0.9,"Revealers",5682.74,6.44
984,0.9,"Concealers",5057.3,6.18
984,0.9,"Revealers",7405.36,7.28
985,0.9,"Concealers",4407.42,5.86
985,0.9,"Revealers",6099.32,6.54
986,0.9,"Concealers",6969.5,7.02
986,0.9,"Revealers",5623.76,6.52
987,0.9,"Concealers",6622.32,7.1
987,0.9,"Revealers",7908.5,7.5
988,0.9,"Concealers",6144.42,6.82
988,0.9,"Revealers",5695.16,6.54
989,0.9,"Concealers",6290.54,6.74
989,0.9,"Revealers",3879.56,5.6
990,0.9,"Concealers",6381.52,6.86
990,0.9,"Revealers",4457.72,5.84
991,0.9,"Concealers",6965.04,7.1
991,0.9,"Revealers",6589.34,6.76
992,0.9,"Concealers",5036.8,6.18
992,0.9,"Revealers",6539.64,6.88
993,0.9,"Concealers",7002.86,7.14
993,0.9,"Revealers",4938.18,6.18
994,0.9,"Concealers",6688.76,6.98
994,0.9,"Revealers",4892.46,6.08
995,0.9,"Concealers",6371.68,6.88
995,0.9,"Revealers",6536.52,6.96
996,0.9,"Concealers",6005.98,6.46
996,0.9,"Revealers",4883.66,6.04
997,0.9,"Concealers",4261.38,5.84
997,0.9,"Revealers",6890.24,6.88
998,0.9,"Concealers",7761.92,7.58
998,0.9,"Revealers",6903.16,7.16
999,0.9,"Concealers",4687.18,6.04
999,0.9,"Revealers",7489.64,7.42
1000,0.9,"Concealers",5548.96,6.28
1000,0.9,"Revealers",3987.62,5.44
1001,1,"Concealers",4745.56,6
1001,1,"Revealers",6317.74,6.74
1002,1,"Concealers",4292.68,5.84
1002,1,"Revealers",5709,6.52
1003,1,"Concealers",6622.58,7.06
1003,1,"Revealers",6473,6.88
1004,1,"Concealers",6150.08,6.62
1004,1,"Revealers",5816.28,6.56
1005,1,"Concealers",7684.5,7.46
1005,1,"Revealers",6850.64,7.2
1006,1,"Concealers",6661.14,7.1
1006,1,"Revealers",8020.5,7.68
1007,1,"Concealers",4675.48,5.98
1007,1,"Revealers",6306.4,6.72
1008,1,"Concealers",6565.54,6.92
1008,1,"Revealers",7246.58,7.26
1009,1,"Concealers",6272.24,6.76
1009,1,"Revealers",5351.16,6.36
1010,1,"Concealers",4481.42,6
1010,1,"Revealers",7139.5,7.06
1011,1,"Concealers",4501.58,5.22
1011,1,"Revealers",2427.3,4.76
1012,1,"Concealers",6193.92,6.84
1012,1,"Revealers",7262.34,7.32
1013,1,"Concealers",5731.6,6.24
1013,1,"Revealers",4645.48,5.92
1014,1,"Concealers",5945.24,6.48
1014,1,"Revealers",5063.56,6.22
1015,1,"Concealers",5075.04,5.96
1015,1,"Revealers",3668.14,5.38
1016,1,"Concealers",6166.08,6.8
1016,1,"Revealers",4893.8,6.1
1017,1,"Concealers",7361.08,7.3
1017,1,"Revealers",6487.76,6.92
1018,1,"Concealers",6568.42,6.92
1018,1,"Revealers",5902.88,6.74
1019,1,"Concealers",7306.4,7.26
1019,1,"Revealers",5420.74,6.5
1020,1,"Concealers",6097.54,6.78
1020,1,"Revealers",6482.1,6.86
1021,1,"Concealers",5994.52,6.62
1021,1,"Revealers",5021.56,6.26
1022,1,"Concealers",4622.78,5.98
1022,1,"Revealers",6709.7,6.82
1023,1,"Concealers",6705.9,6.92
1023,1,"Revealers",5172.92,6.4
1024,1,"Concealers",6542.04,6.92
1024,1,"Revealers",6129.42,6.6
1025,1,"Concealers",6932.64,7.18
1025,1,"Revealers",6654.4,6.94
1026,1,"Concealers",7279.8,7.36
1026,1,"Revealers",5656.18,6.6
1027,1,"Concealers",5896.06,6.7
1027,1,"Revealers",7775.16,7.6
1028,1,"Concealers",7219.34,7.3
1028,1,"Revealers",7447.02,7.52
1029,1,"Concealers",6076.78,6.82
1029,1,"Revealers",7627.06,7.46
1030,1,"Concealers",5939.38,6.62
1030,1,"Revealers",4504.38,5.96
1031,1,"Concealers",5843.62,6.6
1031,1,"Revealers",6344.82,6.86
1032,1,"Concealers",6738.28,7
1032,1,"Revealers",5420.16,6.42
1033,1,"Concealers",5824.02,6.56
1033,1,"Revealers",7588.74,7.34
1034,1,"Concealers",5466.3,6.48
1034,1,"Revealers",7843.68,7.64
1035,1,"Concealers",6504.62,6.84
1035,1,"Revealers",6374.62,6.7
1036,1,"Concealers",7587,7.54
1036,1,"Revealers",5395.1,6.4
1037,1,"Concealers",7202.98,7.22
1037,1,"Revealers",5932.58,6.68
1038,1,"Concealers",8112.9,7.7
1038,1,"Revealers",6803.48,7.12
1039,1,"Concealers",6044.62,6.68
1039,1,"Revealers",6709.86,6.98
1040,1,"Concealers",5914.7,6.44
1040,1,"Revealers",4923.7,6.16
1041,1,"Concealers",5096.36,6.22
1041,1,"Revealers",6783.84,7.08
1042,1,"Concealers",5577.32,6.4
1042,1,"Revealers",6945.66,6.94
1043,1,"Concealers",4811.22,6.14
1043,1,"Revealers",6634.38,7.04
1044,1,"Concealers",5102.3,6.26
1044,1,"Revealers",6380.6,6.72
1045,1,"Concealers",6950.5,7.06
1045,1,"Revealers",4496.24,5.92
1046,1,"Concealers",6725.94,7.06
1046,1,"Revealers",7023.42,7.06
1047,1,"Concealers",5123.14,6.22
1047,1,"Revealers",6985.88,7.16
1048,1,"Concealers",5932.36,6.52
1048,1,"Revealers",4904.82,6
1049,1,"Concealers",5107.28,6.22
1049,1,"Revealers",6676.76,6.82
1050,1,"Concealers",6803.82,7.04
1050,1,"Revealers",6423.52,6.84
1051,1,"Concealers",5965.96,6.7
1051,1,"Revealers",7881.18,7.52
1052,1,"Concealers",5183.64,5.98
1052,1,"Revealers",3712.06,5.52
1053,1,"Concealers",3312.74,5.22
1053,1,"Revealers",6040.26,6.4
1054,1,"Concealers",6008.56,6.64
1054,1,"Revealers",5466.06,6.38
1055,1,"Concealers",4636.9,5.96
1055,1,"Revealers",6136.66,6.7
1056,1,"Concealers",6321.98,6.84
1056,1,"Revealers",6969.2,7.06
1057,1,"Concealers",6413.34,6.88
1057,1,"Revealers",7292.82,7.3
1058,1,"Concealers",5818.06,6.58
1058,1,"Revealers",6893.46,7.08
1059,1,"Concealers",6758.24,7.14
1059,1,"Revealers",6843.82,7.06
1060,1,"Concealers",6876.68,7.1
1060,1,"Revealers",6977.14,7.2
1061,1,"Concealers",4929.2,6.1
1061,1,"Revealers",6233.6,6.66
1062,1,"Concealers",4971.82,6.1
1062,1,"Revealers",6985.96,7.06
1063,1,"Concealers",5386,6.44
1063,1,"Revealers",6829.3,7.06
1064,1,"Concealers",7362.82,7.3
1064,1,"Revealers",5122.58,6.3
1065,1,"Concealers",7027.36,7.12
1065,1,"Revealers",4970.04,6.22
1066,1,"Concealers",7130.18,7.2
1066,1,"Revealers",6563.68,6.9
1067,1,"Concealers",5877.74,6.48
1067,1,"Revealers",6380.3,6.88
1068,1,"Concealers",5077.06,6.2
1068,1,"Revealers",5984.84,6.52
1069,1,"Concealers",5541.68,6.52
1069,1,"Revealers",7289.74,7.2
1070,1,"Concealers",6515.46,6.9
1070,1,"Revealers",6532.62,6.92
1071,1,"Concealers",4674.68,6.02
1071,1,"Revealers",7343.56,7.22
1072,1,"Concealers",5077.22,6.32
1072,1,"Revealers",7311.94,7.22
1073,1,"Concealers",5986.58,6.64
1073,1,"Revealers",7522.66,7.46
1074,1,"Concealers",5366.34,6.4
1074,1,"Revealers",6712.82,6.92
1075,1,"Concealers",5489.22,6.38
1075,1,"Revealers",7017.66,7.04
1076,1,"Concealers",5290.66,6.42
1076,1,"Revealers",6747.14,6.92
1077,1,"Concealers",6457.72,7.04
1077,1,"Revealers",6189.48,6.84
1078,1,"Concealers",6902.48,6.98
1078,1,"Revealers",4895.32,6.12
1079,1,"Concealers",6147.2,6.74
1079,1,"Revealers",6874.6,7.12
1080,1,"Concealers",6420.3,6.72
1080,1,"Revealers",5285.22,6.24
1081,1,"Concealers",4024.2,5.7
1081,1,"Revealers",5997.5,6.4
1082,1,"Concealers",6084.22,6.54
1082,1,"Revealers",4620.46,6.04
1083,1,"Concealers",5884.16,6.6
1083,1,"Revealers",5356.02,6.4
1084,1,"Concealers",6648.4,6.98
1084,1,"Revealers",7048.52,7.12
1085,1,"Concealers",5676.3,6.54
1085,1,"Revealers",7051.1,7.22
1086,1,"Concealers",4255.66,5.84
1086,1,"Revealers",5967.32,6.52
1087,1,"Concealers",5136.4,6.16
1087,1,"Revealers",6165.1,6.78
1088,1,"Concealers",5736.36,6.48
1088,1,"Revealers",6963.76,7.04
1089,1,"Concealers",6228.7,6.78
1089,1,"Revealers",6004.36,6.6
1090,1,"Concealers",4096.58,5.74
1090,1,"Revealers",5758.5,6.32
1091,1,"Concealers",4708.7,6.06
1091,1,"Revealers",6459.48,6.74
1092,1,"Concealers",6272.9,6.62
1092,1,"Revealers",4853.76,6.18
1093,1,"Concealers",7190.06,7.18
1093,1,"Revealers",6172.48,6.74
1094,1,"Concealers",5451.36,6.4
1094,1,"Revealers",4479.5,5.88
1095,1,"Concealers",7173.58,7.32
1095,1,"Revealers",5785.1,6.58
1096,1,"Concealers",6923.82,7.1
1096,1,"Revealers",6384.14,6.88
1097,1,"Concealers",4209.96,5.88
1097,1,"Revealers",7325.24,7.24
1098,1,"Concealers",7853.34,7.62
1098,1,"Revealers",6852.9,7.26
1099,1,"Concealers",6048.74,6.74
1099,1,"Revealers",7002.72,7.14
1100,1,"Concealers",6980.78,7.28
1100,1,"Revealers",7292.3,7.3
