Experiment,Run,Decrement,Strategy,PI,RS
1,1,TRUE,Concealers,6932.08,7.1
1,1,TRUE,Revealers,5914.06,6.72
1,2,TRUE,Concealers,5880.86,6.54
1,2,TRUE,Revealers,6166.58,6.72
1,3,TRUE,Concealers,6327.84,6.7
1,3,TRUE,Revealers,4743.46,5.96
1,4,TRUE,Concealers,7433.32,7.34
1,4,TRUE,Revealers,5557.9,6.58
1,5,TRUE,Concealers,6812.14,7.06
1,5,TRUE,Revealers,4981.2,6.08
1,6,TRUE,Concealers,4391.82,5.98
1,6,TRUE,Revealers,5973.38,6.48
1,7,TRUE,Concealers,6888.02,7.02
1,7,TRUE,Revealers,6266.38,6.86
1,8,TRUE,Concealers,5874.32,6.52
1,8,TRUE,Revealers,5451.16,6.26
1,9,TRUE,Concealers,7488.94,7.42
1,9,TRUE,Revealers,6664.58,7.04
1,10,TRUE,Concealers,7266.28,7.22
1,10,TRUE,Revealers,6216.32,6.78
1,11,TRUE,Concealers,6861.54,7
1,11,TRUE,Revealers,6675.2,6.94
1,12,TRUE,Concealers,7023.32,7.2
1,12,TRUE,Revealers,4415.26,5.86
1,13,TRUE,Concealers,6078.14,6.44
1,13,TRUE,Revealers,4847.18,5.94
1,14,TRUE,Concealers,6984.24,6.92
1,14,TRUE,Revealers,4469.5,5.92
1,15,TRUE,Concealers,6624.88,6.94
1,15,TRUE,Revealers,3836.7,5.56
1,16,TRUE,Concealers,6003.14,6.68
1,16,TRUE,Revealers,6841.12,6.96
1,17,TRUE,Concealers,7462.78,7.34
1,17,TRUE,Revealers,6297.08,6.72
1,18,TRUE,Concealers,7590.22,7.46
1,18,TRUE,Revealers,7243.18,7.36
1,19,TRUE,Concealers,6596.78,7.04
1,19,TRUE,Revealers,7591.96,7.38
1,20,TRUE,Concealers,5584.48,6.48
1,20,TRUE,Revealers,6861.18,7.08
1,21,TRUE,Concealers,7953.38,7.46
1,21,TRUE,Revealers,4880.24,6.12
1,22,TRUE,Concealers,5849.66,6.62
1,22,TRUE,Revealers,7090.76,7.14
1,23,TRUE,Concealers,7246.48,7.42
1,23,TRUE,Revealers,6332.94,6.84
1,24,TRUE,Concealers,5751.58,6.46
1,24,TRUE,Revealers,3953.04,5.66
1,25,TRUE,Concealers,5713.84,6.66
1,25,TRUE,Revealers,6247.14,6.72
1,26,TRUE,Concealers,6677.44,6.96
1,26,TRUE,Revealers,6865.02,7.1
1,27,TRUE,Concealers,7032.1,7.16
1,27,TRUE,Revealers,5860.18,6.62
1,28,TRUE,Concealers,5622.38,6.48
1,28,TRUE,Revealers,5884.36,6.62
1,29,TRUE,Concealers,6455.64,6.92
1,29,TRUE,Revealers,6493.16,6.92
1,30,TRUE,Concealers,7800.2,7.58
1,30,TRUE,Revealers,6130.98,6.82
1,31,TRUE,Concealers,7629.04,7.56
1,31,TRUE,Revealers,6467.78,6.88
1,32,TRUE,Concealers,6254.86,6.74
1,32,TRUE,Revealers,5024.22,6.16
1,33,TRUE,Concealers,5485.22,6.4
1,33,TRUE,Revealers,6825.72,7.08
1,34,TRUE,Concealers,4488.46,5.82
1,34,TRUE,Revealers,5528.4,6.34
1,35,TRUE,Concealers,6525.46,6.8
1,35,TRUE,Revealers,6468.14,6.86
1,36,TRUE,Concealers,7339.38,7.34
1,36,TRUE,Revealers,8126.2,7.68
1,37,TRUE,Concealers,6521.26,6.64
1,37,TRUE,Revealers,4671.06,5.94
1,38,TRUE,Concealers,7392.78,7.4
1,38,TRUE,Revealers,5505.26,6.52
1,39,TRUE,Concealers,6859.38,6.92
1,39,TRUE,Revealers,5181,6.32
1,40,TRUE,Concealers,5765.18,6.66
1,40,TRUE,Revealers,6961.72,7.18
1,41,TRUE,Concealers,6949.92,6.96
1,41,TRUE,Revealers,5468.6,6.46
1,42,TRUE,Concealers,6761.74,6.8
1,42,TRUE,Revealers,5132.94,6.24
1,43,TRUE,Concealers,5213.38,6.32
1,43,TRUE,Revealers,6674.8,6.98
1,44,TRUE,Concealers,6276.68,6.8
1,44,TRUE,Revealers,7928.22,7.64
1,45,TRUE,Concealers,7266.54,7.18
1,45,TRUE,Revealers,6465.28,6.86
1,46,TRUE,Concealers,6756.52,7.02
1,46,TRUE,Revealers,5801.86,6.64
1,47,TRUE,Concealers,5986.64,6.62
1,47,TRUE,Revealers,5364.48,6.4
1,48,TRUE,Concealers,5843.52,6.72
1,48,TRUE,Revealers,7040.88,7.3
1,49,TRUE,Concealers,6032.56,6.74
1,49,TRUE,Revealers,7765.56,7.5
1,50,TRUE,Concealers,5232.62,6.46
1,50,TRUE,Revealers,5743.22,6.62
1,51,TRUE,Concealers,5943.76,6.5
1,51,TRUE,Revealers,4495.16,5.92
1,52,TRUE,Concealers,4843.68,6.08
1,52,TRUE,Revealers,7410.46,7.22
1,53,TRUE,Concealers,7157.96,7.22
1,53,TRUE,Revealers,5381.42,6.36
1,54,TRUE,Concealers,6822.14,7.08
1,54,TRUE,Revealers,5253.62,6.4
1,55,TRUE,Concealers,6709.34,7
1,55,TRUE,Revealers,6845.22,7.12
1,56,TRUE,Concealers,6771.18,6.9
1,56,TRUE,Revealers,4415.98,5.9
1,57,TRUE,Concealers,6690.16,6.78
1,57,TRUE,Revealers,4310.68,5.8
1,58,TRUE,Concealers,5910.58,6.66
1,58,TRUE,Revealers,6896.7,7.06
1,59,TRUE,Concealers,6313.38,6.74
1,59,TRUE,Revealers,5565.48,6.44
1,60,TRUE,Concealers,7000.82,7.22
1,60,TRUE,Revealers,6872.38,7.12
1,61,TRUE,Concealers,6312.56,6.7
1,61,TRUE,Revealers,4790.54,5.98
1,62,TRUE,Concealers,5287.6,6.14
1,62,TRUE,Revealers,4543.38,5.88
1,63,TRUE,Concealers,7744.84,7.52
1,63,TRUE,Revealers,6579.24,7.04
1,64,TRUE,Concealers,6664.58,7.02
1,64,TRUE,Revealers,5323.04,6.4
1,65,TRUE,Concealers,5634.72,6.58
1,65,TRUE,Revealers,7946.68,7.5
1,66,TRUE,Concealers,6378.58,6.9
1,66,TRUE,Revealers,7433.04,7.34
1,67,TRUE,Concealers,4805.94,6.08
1,67,TRUE,Revealers,7122.3,7.04
1,68,TRUE,Concealers,6058.22,6.52
1,68,TRUE,Revealers,4597.44,5.92
1,69,TRUE,Concealers,7143.8,7.2
1,69,TRUE,Revealers,5900.46,6.64
1,70,TRUE,Concealers,5530.96,6.34
1,70,TRUE,Revealers,3966.74,5.64
1,71,TRUE,Concealers,7054.78,7.1
1,71,TRUE,Revealers,5487.72,6.44
1,72,TRUE,Concealers,7531.66,7.32
1,72,TRUE,Revealers,5810.02,6.64
1,73,TRUE,Concealers,7073.82,7.32
1,73,TRUE,Revealers,6870.74,6.96
1,74,TRUE,Concealers,5725.34,6.26
1,74,TRUE,Revealers,3255.82,5.24
1,75,TRUE,Concealers,6644.58,6.98
1,75,TRUE,Revealers,6182.82,6.72
1,76,TRUE,Concealers,6511.14,6.9
1,76,TRUE,Revealers,7001.96,7.16
1,77,TRUE,Concealers,5999.6,6.66
1,77,TRUE,Revealers,5785.48,6.62
1,78,TRUE,Concealers,5509.84,6.44
1,78,TRUE,Revealers,6686.64,6.96
1,79,TRUE,Concealers,6097.36,6.68
1,79,TRUE,Revealers,4418.8,5.78
1,80,TRUE,Concealers,5221.58,6.08
1,80,TRUE,Revealers,4002.76,5.64
1,81,TRUE,Concealers,7599.62,7.58
1,81,TRUE,Revealers,6045,6.62
1,82,TRUE,Concealers,7356.28,7.26
1,82,TRUE,Revealers,5665,6.5
1,83,TRUE,Concealers,5450.8,6.32
1,83,TRUE,Revealers,5863.1,6.6
1,84,TRUE,Concealers,7032.54,7.22
1,84,TRUE,Revealers,4766.26,6.14
1,85,TRUE,Concealers,6430.76,6.96
1,85,TRUE,Revealers,6022.78,6.66
1,86,TRUE,Concealers,6974.62,7.34
1,86,TRUE,Revealers,7528,7.38
1,87,TRUE,Concealers,6540.7,6.78
1,87,TRUE,Revealers,5550.04,6.5
1,88,TRUE,Concealers,5856.54,6.5
1,88,TRUE,Revealers,4349.8,5.86
1,89,TRUE,Concealers,7715.88,7.52
1,89,TRUE,Revealers,5873.5,6.62
1,90,TRUE,Concealers,6908.44,7.14
1,90,TRUE,Revealers,5829.16,6.62
1,91,TRUE,Concealers,6126.54,6.52
1,91,TRUE,Revealers,4785.22,6.16
1,92,TRUE,Concealers,6312.32,6.72
1,92,TRUE,Revealers,4868.08,6.2
1,93,TRUE,Concealers,6688.16,6.82
1,93,TRUE,Revealers,4412.4,5.82
1,94,TRUE,Concealers,7165.84,7.14
1,94,TRUE,Revealers,6183.06,6.86
1,95,TRUE,Concealers,4862.68,6.02
1,95,TRUE,Revealers,6059.42,6.48
1,96,TRUE,Concealers,6688.14,7.02
1,96,TRUE,Revealers,4984.8,6.24
1,97,TRUE,Concealers,5845.52,6.64
1,97,TRUE,Revealers,6680.74,6.96
1,98,TRUE,Concealers,7497.68,7.44
1,98,TRUE,Revealers,6268.48,6.82
1,99,TRUE,Concealers,6829.52,7.1
1,99,TRUE,Revealers,5046.96,6.3
1,100,TRUE,Concealers,6268.66,6.74
1,100,TRUE,Revealers,4618.84,5.88
1,101,FALSE,Concealers,7608.28,7.56
1,101,FALSE,Revealers,7059.14,7.1
1,102,FALSE,Concealers,6093.26,6.52
1,102,FALSE,Revealers,5159.48,6.22
1,103,FALSE,Concealers,7033.66,7.1
1,103,FALSE,Revealers,5340.04,6.42
1,104,FALSE,Concealers,6274.2,6.64
1,104,FALSE,Revealers,5931.34,6.56
1,105,FALSE,Concealers,5370.7,6.5
1,105,FALSE,Revealers,7214.62,7.3
1,106,FALSE,Concealers,7021.34,7.2
1,106,FALSE,Revealers,7163.64,7.16
1,107,FALSE,Concealers,4982.9,6.12
1,107,FALSE,Revealers,4202.02,5.76
1,108,FALSE,Concealers,7631.44,7.48
1,108,FALSE,Revealers,6182.64,6.72
1,109,FALSE,Concealers,4538.58,5.92
1,109,FALSE,Revealers,6895.02,7.14
1,110,FALSE,Concealers,6464.72,6.92
1,110,FALSE,Revealers,6425.42,6.86
1,111,FALSE,Concealers,6667.12,7.06
1,111,FALSE,Revealers,5869.12,6.68
1,112,FALSE,Concealers,6351.92,6.88
1,112,FALSE,Revealers,6754.66,7.08
1,113,FALSE,Concealers,4745.2,6.04
1,113,FALSE,Revealers,6286.3,6.58
1,114,FALSE,Concealers,6191.4,6.8
1,114,FALSE,Revealers,5486.7,6.52
1,115,FALSE,Concealers,3822.1,5.56
1,115,FALSE,Revealers,6734.68,6.88
1,116,FALSE,Concealers,4451,5.9
1,116,FALSE,Revealers,6018.96,6.6
1,117,FALSE,Concealers,7490.06,7.38
1,117,FALSE,Revealers,4707.8,5.92
1,118,FALSE,Concealers,4710.48,6.04
1,118,FALSE,Revealers,6116.22,6.7
1,119,FALSE,Concealers,6631.2,6.96
1,119,FALSE,Revealers,6964.28,7.24
1,120,FALSE,Concealers,5220.52,6.32
1,120,FALSE,Revealers,6377.9,6.72
1,121,FALSE,Concealers,6968.2,7.18
1,121,FALSE,Revealers,7750.72,7.58
1,122,FALSE,Concealers,7603.28,7.46
1,122,FALSE,Revealers,5820.2,6.7
1,123,FALSE,Concealers,6473.68,6.86
1,123,FALSE,Revealers,5318.7,6.28
1,124,FALSE,Concealers,5890.9,6.56
1,124,FALSE,Revealers,7313.64,7.36
1,125,FALSE,Concealers,5280.2,6.26
1,125,FALSE,Revealers,6462.58,6.8
1,126,FALSE,Concealers,3321.96,5.24
1,126,FALSE,Revealers,5277.9,6.04
1,127,FALSE,Concealers,5312.18,6.2
1,127,FALSE,Revealers,6302.4,6.58
1,128,FALSE,Concealers,6987.92,7.16
1,128,FALSE,Revealers,5482.24,6.46
1,129,FALSE,Concealers,7056,7.18
1,129,FALSE,Revealers,7165,7.32
1,130,FALSE,Concealers,6523.14,6.78
1,130,FALSE,Revealers,5243.22,6.36
1,131,FALSE,Concealers,6958.6,7.24
1,131,FALSE,Revealers,5963.2,6.64
1,132,FALSE,Concealers,6485.4,6.88
1,132,FALSE,Revealers,5986.44,6.66
1,133,FALSE,Concealers,6153.3,6.74
1,133,FALSE,Revealers,7801.88,7.52
1,134,FALSE,Concealers,6007.1,6.72
1,134,FALSE,Revealers,7824.56,7.56
1,135,FALSE,Concealers,7872.74,7.58
1,135,FALSE,Revealers,6228.02,6.94
1,136,FALSE,Concealers,5470.42,6.3
1,136,FALSE,Revealers,5988.52,6.6
1,137,FALSE,Concealers,5145.72,6.28
1,137,FALSE,Revealers,6995.88,7.1
1,138,FALSE,Concealers,5699.26,6.48
1,138,FALSE,Revealers,6838.7,7.06
1,139,FALSE,Concealers,4813.92,6.16
1,139,FALSE,Revealers,6116.54,6.58
1,140,FALSE,Concealers,5761.9,6.56
1,140,FALSE,Revealers,6118.26,6.72
1,141,FALSE,Concealers,6226.46,6.8
1,141,FALSE,Revealers,8241.46,7.88
1,142,FALSE,Concealers,7322.08,7.34
1,142,FALSE,Revealers,7028.32,7.32
1,143,FALSE,Concealers,6551.46,6.94
1,143,FALSE,Revealers,4983.84,6.28
1,144,FALSE,Concealers,5529.94,6.46
1,144,FALSE,Revealers,7002.48,7.18
1,145,FALSE,Concealers,5711.78,6.38
1,145,FALSE,Revealers,4573.6,5.94
1,146,FALSE,Concealers,5933.22,6.6
1,146,FALSE,Revealers,6254.82,6.74
1,147,FALSE,Concealers,5771.06,6.62
1,147,FALSE,Revealers,7089.74,7.26
1,148,FALSE,Concealers,6806.42,7.1
1,148,FALSE,Revealers,6274.48,6.88
1,149,FALSE,Concealers,5350.2,6.24
1,149,FALSE,Revealers,6260.74,6.74
1,150,FALSE,Concealers,6716.3,6.96
1,150,FALSE,Revealers,6470.16,6.9
1,151,FALSE,Concealers,5246.36,6.24
1,151,FALSE,Revealers,6991.04,7.2
1,152,FALSE,Concealers,3856.26,5.58
1,152,FALSE,Revealers,5665.52,6.36
1,153,FALSE,Concealers,4291.48,5.76
1,153,FALSE,Revealers,6759.54,6.96
1,154,FALSE,Concealers,5917.18,6.64
1,154,FALSE,Revealers,5336.8,6.36
1,155,FALSE,Concealers,5728.7,6.62
1,155,FALSE,Revealers,7163.4,7.24
1,156,FALSE,Concealers,5833.06,6.38
1,156,FALSE,Revealers,4848.62,6.06
1,157,FALSE,Concealers,7453.7,7.42
1,157,FALSE,Revealers,5820.98,6.64
1,158,FALSE,Concealers,6423.44,6.74
1,158,FALSE,Revealers,5241.82,6.32
1,159,FALSE,Concealers,5092.7,6.2
1,159,FALSE,Revealers,6530.04,6.92
1,160,FALSE,Concealers,5138.36,6.26
1,160,FALSE,Revealers,6794.98,7.08
1,161,FALSE,Concealers,4292.1,5.86
1,161,FALSE,Revealers,6190.16,6.64
1,162,FALSE,Concealers,5903.6,6.52
1,162,FALSE,Revealers,8039.24,7.66
1,163,FALSE,Concealers,6283.04,6.84
1,163,FALSE,Revealers,6478.8,6.96
1,164,FALSE,Concealers,7136.4,7.2
1,164,FALSE,Revealers,6601.56,6.96
1,165,FALSE,Concealers,7950.82,7.52
1,165,FALSE,Revealers,6611.06,7.02
1,166,FALSE,Concealers,7568.32,7.46
1,166,FALSE,Revealers,7969.66,7.7
1,167,FALSE,Concealers,6429.92,6.68
1,167,FALSE,Revealers,4227.42,5.78
1,168,FALSE,Concealers,6222.16,6.68
1,168,FALSE,Revealers,4832.82,6.14
1,169,FALSE,Concealers,6173,6.76
1,169,FALSE,Revealers,5437.38,6.46
1,170,FALSE,Concealers,5878.78,6.32
1,170,FALSE,Revealers,3735.6,5.5
1,171,FALSE,Concealers,3157.64,5.36
1,171,FALSE,Revealers,5475.08,6.22
1,172,FALSE,Concealers,7886.2,7.52
1,172,FALSE,Revealers,5894.74,6.64
1,173,FALSE,Concealers,4364.66,5.72
1,173,FALSE,Revealers,6745.74,7.06
1,174,FALSE,Concealers,7114.78,7.2
1,174,FALSE,Revealers,7013.9,7.2
1,175,FALSE,Concealers,5694.9,6.54
1,175,FALSE,Revealers,8293.46,7.76
1,176,FALSE,Concealers,6213.26,6.82
1,176,FALSE,Revealers,5496.58,6.36
1,177,FALSE,Concealers,5836.3,6.68
1,177,FALSE,Revealers,7017.54,7.16
1,178,FALSE,Concealers,5246.4,6.32
1,178,FALSE,Revealers,7334,7.32
1,179,FALSE,Concealers,6641.08,6.86
1,179,FALSE,Revealers,5441.12,6.4
1,180,FALSE,Concealers,6509.4,6.92
1,180,FALSE,Revealers,5750.92,6.7
1,181,FALSE,Concealers,5905.24,6.36
1,181,FALSE,Revealers,3797.82,5.52
1,182,FALSE,Concealers,5992.14,6.66
1,182,FALSE,Revealers,6253.42,6.84
1,183,FALSE,Concealers,5431.46,6.36
1,183,FALSE,Revealers,6904.28,7.08
1,184,FALSE,Concealers,5806.6,6.42
1,184,FALSE,Revealers,4325.24,5.86
1,185,FALSE,Concealers,6730.32,7
1,185,FALSE,Revealers,5848.26,6.54
1,186,FALSE,Concealers,6528.5,6.72
1,186,FALSE,Revealers,5104.3,6.28
1,187,FALSE,Concealers,5442.96,6.32
1,187,FALSE,Revealers,6154.28,6.6
1,188,FALSE,Concealers,6812.24,6.96
1,188,FALSE,Revealers,5973.22,6.74
1,189,FALSE,Concealers,5012.22,6.2
1,189,FALSE,Revealers,6747.94,6.88
1,190,FALSE,Concealers,4877.08,6.04
1,190,FALSE,Revealers,7046.2,7
1,191,FALSE,Concealers,5551.64,6.46
1,191,FALSE,Revealers,6227.64,6.82
1,192,FALSE,Concealers,5237.76,6.24
1,192,FALSE,Revealers,5403.42,6.14
1,193,FALSE,Concealers,5787.88,6.46
1,193,FALSE,Revealers,4508.24,5.8
1,194,FALSE,Concealers,5839.88,6.36
1,194,FALSE,Revealers,3206.46,5.14
1,195,FALSE,Concealers,5237.64,6.26
1,195,FALSE,Revealers,6438.58,6.8
1,196,FALSE,Concealers,7149.24,7.14
1,196,FALSE,Revealers,5119.8,6.22
1,197,FALSE,Concealers,6841.92,7.02
1,197,FALSE,Revealers,5078.92,6.28
1,198,FALSE,Concealers,5656.06,6.64
1,198,FALSE,Revealers,8035.12,7.72
1,199,FALSE,Concealers,5288.86,6.3
1,199,FALSE,Revealers,7224.56,7.2
1,200,FALSE,Concealers,6083,6.62
1,200,FALSE,Revealers,5934.62,6.66
2,201,TRUE,Concealers,6797.22,7.2
2,201,TRUE,Revealers,6898.76,7.14
2,202,TRUE,Concealers,6540.46,6.96
2,202,TRUE,Revealers,7721.82,7.56
2,203,TRUE,Concealers,7155.78,7.32
2,203,TRUE,Revealers,7757.5,7.48
2,204,TRUE,Concealers,7062.24,7.36
2,204,TRUE,Revealers,7286.14,7.54
2,205,TRUE,Concealers,7623.1,7.5
2,205,TRUE,Revealers,7735.04,7.58
2,206,TRUE,Concealers,7222.04,7.32
2,206,TRUE,Revealers,7311.2,7.4
2,207,TRUE,Concealers,7468.22,7.38
2,207,TRUE,Revealers,7159.38,7.34
2,208,TRUE,Concealers,6707.18,7.16
2,208,TRUE,Revealers,7758.76,7.68
2,209,TRUE,Concealers,7115.96,7.36
2,209,TRUE,Revealers,7517.34,7.48
2,210,TRUE,Concealers,6412.08,7.08
2,210,TRUE,Revealers,7383.82,7.4
2,211,TRUE,Concealers,8574.56,7.84
2,211,TRUE,Revealers,7567.28,7.54
2,212,TRUE,Concealers,7097.78,7.28
2,212,TRUE,Revealers,7499.88,7.4
2,213,TRUE,Concealers,7132.88,7.32
2,213,TRUE,Revealers,6809.4,7.18
2,214,TRUE,Concealers,7116.46,7.34
2,214,TRUE,Revealers,6186.18,6.86
2,215,TRUE,Concealers,7580.72,7.42
2,215,TRUE,Revealers,6758.22,7.1
2,216,TRUE,Concealers,7000.42,7.3
2,216,TRUE,Revealers,7321.06,7.3
2,217,TRUE,Concealers,7305.66,7.36
2,217,TRUE,Revealers,7342.7,7.52
2,218,TRUE,Concealers,7647.06,7.62
2,218,TRUE,Revealers,7288.94,7.4
2,219,TRUE,Concealers,6666.8,7.16
2,219,TRUE,Revealers,7642.28,7.44
2,220,TRUE,Concealers,7319.62,7.44
2,220,TRUE,Revealers,7577.34,7.54
2,221,TRUE,Concealers,6790.82,7.22
2,221,TRUE,Revealers,6577.88,7
2,222,TRUE,Concealers,7487.86,7.34
2,222,TRUE,Revealers,7138.06,7.28
2,223,TRUE,Concealers,7164.68,7.32
2,223,TRUE,Revealers,7549.88,7.58
2,224,TRUE,Concealers,7175.28,7.3
2,224,TRUE,Revealers,7725.3,7.6
2,225,TRUE,Concealers,7363.28,7.4
2,225,TRUE,Revealers,6584.68,6.94
2,226,TRUE,Concealers,7226.02,7.28
2,226,TRUE,Revealers,6917.66,7.26
2,227,TRUE,Concealers,7106.36,7.42
2,227,TRUE,Revealers,7090.62,7.36
2,228,TRUE,Concealers,7188.36,7.28
2,228,TRUE,Revealers,6754.34,7.14
2,229,TRUE,Concealers,7028.04,7.3
2,229,TRUE,Revealers,7564.94,7.46
2,230,TRUE,Concealers,8155.12,7.78
2,230,TRUE,Revealers,6551.94,7.06
2,231,TRUE,Concealers,7899.62,7.62
2,231,TRUE,Revealers,7076.64,7.2
2,232,TRUE,Concealers,6991.08,7.3
2,232,TRUE,Revealers,6845.02,7.22
2,233,TRUE,Concealers,7641.58,7.56
2,233,TRUE,Revealers,7932.16,7.74
2,234,TRUE,Concealers,6732.16,7.18
2,234,TRUE,Revealers,6730.86,7.14
2,235,TRUE,Concealers,7820.48,7.44
2,235,TRUE,Revealers,6714.84,7.14
2,236,TRUE,Concealers,7571,7.38
2,236,TRUE,Revealers,7397.78,7.42
2,237,TRUE,Concealers,7395.68,7.34
2,237,TRUE,Revealers,7863.28,7.66
2,238,TRUE,Concealers,6707.92,7.04
2,238,TRUE,Revealers,6852.54,7.18
2,239,TRUE,Concealers,7656.56,7.44
2,239,TRUE,Revealers,7932.28,7.54
2,240,TRUE,Concealers,6604.98,7
2,240,TRUE,Revealers,7182.1,7.34
2,241,TRUE,Concealers,7095.28,7.22
2,241,TRUE,Revealers,5997.58,6.72
2,242,TRUE,Concealers,7473.64,7.46
2,242,TRUE,Revealers,8254.08,7.82
2,243,TRUE,Concealers,8390.24,7.9
2,243,TRUE,Revealers,7363.46,7.48
2,244,TRUE,Concealers,7650.94,7.58
2,244,TRUE,Revealers,6651.22,7.14
2,245,TRUE,Concealers,7136.02,7.24
2,245,TRUE,Revealers,6502.1,6.92
2,246,TRUE,Concealers,7199.18,7.36
2,246,TRUE,Revealers,6912.62,7.16
2,247,TRUE,Concealers,6767.24,7.24
2,247,TRUE,Revealers,6864.36,7.18
2,248,TRUE,Concealers,8065.34,7.66
2,248,TRUE,Revealers,7425.42,7.32
2,249,TRUE,Concealers,6878.96,7.28
2,249,TRUE,Revealers,7600.84,7.54
2,250,TRUE,Concealers,7472.26,7.6
2,250,TRUE,Revealers,6266.14,6.9
2,251,TRUE,Concealers,8008.08,7.76
2,251,TRUE,Revealers,7947.94,7.68
2,252,TRUE,Concealers,7610.22,7.44
2,252,TRUE,Revealers,7931.9,7.76
2,253,TRUE,Concealers,7095.1,7.24
2,253,TRUE,Revealers,7730.8,7.64
2,254,TRUE,Concealers,6831.66,7.22
2,254,TRUE,Revealers,8131.86,7.68
2,255,TRUE,Concealers,7892.96,7.6
2,255,TRUE,Revealers,6993.56,7.14
2,256,TRUE,Concealers,7526.16,7.42
2,256,TRUE,Revealers,7351.64,7.46
2,257,TRUE,Concealers,7007.08,7.24
2,257,TRUE,Revealers,7081.04,7.26
2,258,TRUE,Concealers,7947.32,7.64
2,258,TRUE,Revealers,7205.1,7.32
2,259,TRUE,Concealers,8323.14,7.74
2,259,TRUE,Revealers,7696.98,7.54
2,260,TRUE,Concealers,6744.86,7.16
2,260,TRUE,Revealers,7081.4,7.26
2,261,TRUE,Concealers,7343.16,7.22
2,261,TRUE,Revealers,7315.02,7.32
2,262,TRUE,Concealers,8244.84,7.96
2,262,TRUE,Revealers,6864.2,7.18
2,263,TRUE,Concealers,7126.12,7.24
2,263,TRUE,Revealers,6903.72,7.2
2,264,TRUE,Concealers,7564.2,7.46
2,264,TRUE,Revealers,7536.9,7.48
2,265,TRUE,Concealers,6997.88,7.24
2,265,TRUE,Revealers,6981.64,7.24
2,266,TRUE,Concealers,7014.22,7.2
2,266,TRUE,Revealers,6598.08,7.06
2,267,TRUE,Concealers,6979.82,7.12
2,267,TRUE,Revealers,7833.72,7.68
2,268,TRUE,Concealers,7188.36,7.32
2,268,TRUE,Revealers,7614.28,7.46
2,269,TRUE,Concealers,7096.4,7.26
2,269,TRUE,Revealers,7192.38,7.3
2,270,TRUE,Concealers,7234.78,7.32
2,270,TRUE,Revealers,7027.64,7.26
2,271,TRUE,Concealers,7136.76,7.3
2,271,TRUE,Revealers,6402.78,6.96
2,272,TRUE,Concealers,6909.66,7.22
2,272,TRUE,Revealers,7696.9,7.52
2,273,TRUE,Concealers,7144.02,7.32
2,273,TRUE,Revealers,8303.98,7.86
2,274,TRUE,Concealers,7127.98,7.38
2,274,TRUE,Revealers,6979.56,7.18
2,275,TRUE,Concealers,7323.52,7.36
2,275,TRUE,Revealers,7967.06,7.56
2,276,TRUE,Concealers,8019.24,7.62
2,276,TRUE,Revealers,7193.7,7.24
2,277,TRUE,Concealers,7875.76,7.54
2,277,TRUE,Revealers,6978.24,7.22
2,278,TRUE,Concealers,8507,7.88
2,278,TRUE,Revealers,7062.28,7.18
2,279,TRUE,Concealers,7341.02,7.4
2,279,TRUE,Revealers,6654.42,7.12
2,280,TRUE,Concealers,7678.36,7.64
2,280,TRUE,Revealers,6952.1,7.28
2,281,TRUE,Concealers,7745.72,7.6
2,281,TRUE,Revealers,6647.68,7.04
2,282,TRUE,Concealers,7171.3,7.4
2,282,TRUE,Revealers,7689.52,7.62
2,283,TRUE,Concealers,7485.36,7.56
2,283,TRUE,Revealers,7067.76,7.3
2,284,TRUE,Concealers,7291.94,7.26
2,284,TRUE,Revealers,7666.42,7.56
2,285,TRUE,Concealers,7047.52,7.34
2,285,TRUE,Revealers,8041.06,7.74
2,286,TRUE,Concealers,7374.98,7.36
2,286,TRUE,Revealers,7638.64,7.38
2,287,TRUE,Concealers,7358.42,7.36
2,287,TRUE,Revealers,6655.72,7.12
2,288,TRUE,Concealers,7558.28,7.5
2,288,TRUE,Revealers,7327.76,7.36
2,289,TRUE,Concealers,6958.86,7.28
2,289,TRUE,Revealers,7162.46,7.32
2,290,TRUE,Concealers,7020,7.26
2,290,TRUE,Revealers,6672.12,6.96
2,291,TRUE,Concealers,8101.9,7.8
2,291,TRUE,Revealers,8177.52,7.72
2,292,TRUE,Concealers,7887.76,7.64
2,292,TRUE,Revealers,6974.78,7.2
2,293,TRUE,Concealers,6978.06,7.24
2,293,TRUE,Revealers,6818.6,7.08
2,294,TRUE,Concealers,7458.24,7.46
2,294,TRUE,Revealers,6979,7.18
2,295,TRUE,Concealers,7836.66,7.58
2,295,TRUE,Revealers,7084.88,7.3
2,296,TRUE,Concealers,8139.8,7.62
2,296,TRUE,Revealers,7547.22,7.52
2,297,TRUE,Concealers,6695.92,7.06
2,297,TRUE,Revealers,7961.56,7.68
2,298,TRUE,Concealers,7205,7.3
2,298,TRUE,Revealers,7290.3,7.3
2,299,TRUE,Concealers,7483.16,7.46
2,299,TRUE,Revealers,6532.32,7
2,300,TRUE,Concealers,6900.78,7.24
2,300,TRUE,Revealers,7516.2,7.48
2,301,FALSE,Concealers,7718.28,7.52
2,301,FALSE,Revealers,7294.9,7.42
2,302,FALSE,Concealers,7085.16,7.28
2,302,FALSE,Revealers,7699.24,7.64
2,303,FALSE,Concealers,6959.42,7.26
2,303,FALSE,Revealers,7160.12,7.3
2,304,FALSE,Concealers,7290.94,7.38
2,304,FALSE,Revealers,6564.08,6.98
2,305,FALSE,Concealers,6419.58,6.94
2,305,FALSE,Revealers,7656.08,7.5
2,306,FALSE,Concealers,7941.54,7.46
2,306,FALSE,Revealers,7468.74,7.32
2,307,FALSE,Concealers,7367.46,7.34
2,307,FALSE,Revealers,7429.2,7.4
2,308,FALSE,Concealers,7753.48,7.52
2,308,FALSE,Revealers,6996.26,7.24
2,309,FALSE,Concealers,6902.96,7.14
2,309,FALSE,Revealers,7414,7.46
2,310,FALSE,Concealers,7227.02,7.36
2,310,FALSE,Revealers,7329.28,7.44
2,311,FALSE,Concealers,7915.74,7.54
2,311,FALSE,Revealers,6824.76,7.18
2,312,FALSE,Concealers,7298.72,7.3
2,312,FALSE,Revealers,6630.36,7.02
2,313,FALSE,Concealers,7075.94,7.24
2,313,FALSE,Revealers,7438.04,7.34
2,314,FALSE,Concealers,7242.34,7.32
2,314,FALSE,Revealers,7358.56,7.42
2,315,FALSE,Concealers,6933.68,7.26
2,315,FALSE,Revealers,7668.12,7.58
2,316,FALSE,Concealers,7980.84,7.74
2,316,FALSE,Revealers,7375.48,7.36
2,317,FALSE,Concealers,6862,7.16
2,317,FALSE,Revealers,7348.38,7.32
2,318,FALSE,Concealers,7606.92,7.48
2,318,FALSE,Revealers,7140.3,7.34
2,319,FALSE,Concealers,7493.6,7.5
2,319,FALSE,Revealers,8169.78,7.8
2,320,FALSE,Concealers,7044.46,7.38
2,320,FALSE,Revealers,7666.16,7.42
2,321,FALSE,Concealers,7895.24,7.6
2,321,FALSE,Revealers,6873.32,7.16
2,322,FALSE,Concealers,7828.7,7.72
2,322,FALSE,Revealers,7108.7,7.36
2,323,FALSE,Concealers,7949.42,7.64
2,323,FALSE,Revealers,7406.18,7.4
2,324,FALSE,Concealers,7655.18,7.54
2,324,FALSE,Revealers,7281.52,7.3
2,325,FALSE,Concealers,6684.14,7.06
2,325,FALSE,Revealers,7799.66,7.48
2,326,FALSE,Concealers,6925.64,7.14
2,326,FALSE,Revealers,8132.28,7.74
2,327,FALSE,Concealers,7083.26,7.26
2,327,FALSE,Revealers,7409.76,7.54
2,328,FALSE,Concealers,7073.4,7.3
2,328,FALSE,Revealers,7609.64,7.36
2,329,FALSE,Concealers,7090.06,7.22
2,329,FALSE,Revealers,8108.52,7.74
2,330,FALSE,Concealers,7514.8,7.44
2,330,FALSE,Revealers,7018,7.16
2,331,FALSE,Concealers,7601.62,7.44
2,331,FALSE,Revealers,7010.18,7.3
2,332,FALSE,Concealers,7714.66,7.64
2,332,FALSE,Revealers,6886.06,7.18
2,333,FALSE,Concealers,7486.48,7.42
2,333,FALSE,Revealers,7616.88,7.48
2,334,FALSE,Concealers,7004.88,7.28
2,334,FALSE,Revealers,6714.64,7.12
2,335,FALSE,Concealers,7600.84,7.64
2,335,FALSE,Revealers,7208.48,7.3
2,336,FALSE,Concealers,7663.2,7.48
2,336,FALSE,Revealers,6476.96,7
2,337,FALSE,Concealers,6693.06,7.14
2,337,FALSE,Revealers,7100.58,7.36
2,338,FALSE,Concealers,7700.26,7.62
2,338,FALSE,Revealers,7175.04,7.32
2,339,FALSE,Concealers,7676.46,7.58
2,339,FALSE,Revealers,8020.02,7.6
2,340,FALSE,Concealers,6442.36,7.04
2,340,FALSE,Revealers,7071.66,7.18
2,341,FALSE,Concealers,7609.84,7.4
2,341,FALSE,Revealers,7664.02,7.5
2,342,FALSE,Concealers,7734.04,7.66
2,342,FALSE,Revealers,6932.18,7.26
2,343,FALSE,Concealers,6221.08,6.84
2,343,FALSE,Revealers,7692.62,7.64
2,344,FALSE,Concealers,7529.62,7.44
2,344,FALSE,Revealers,6934.2,7.24
2,345,FALSE,Concealers,7902.18,7.5
2,345,FALSE,Revealers,6855.5,7.22
2,346,FALSE,Concealers,7956.42,7.72
2,346,FALSE,Revealers,6872.88,7.18
2,347,FALSE,Concealers,6987.82,7.22
2,347,FALSE,Revealers,7401.08,7.44
2,348,FALSE,Concealers,7092.58,7.16
2,348,FALSE,Revealers,7845.12,7.68
2,349,FALSE,Concealers,7152.96,7.36
2,349,FALSE,Revealers,7247.8,7.4
2,350,FALSE,Concealers,7047.74,7.24
2,350,FALSE,Revealers,6307.22,6.98
2,351,FALSE,Concealers,7796.62,7.52
2,351,FALSE,Revealers,7438.4,7.48
2,352,FALSE,Concealers,7292.06,7.36
2,352,FALSE,Revealers,7329.78,7.44
2,353,FALSE,Concealers,7411.74,7.4
2,353,FALSE,Revealers,6999.2,7.32
2,354,FALSE,Concealers,7685.38,7.62
2,354,FALSE,Revealers,6868.2,7.14
2,355,FALSE,Concealers,7344.4,7.3
2,355,FALSE,Revealers,7138.42,7.3
2,356,FALSE,Concealers,6474.52,7
2,356,FALSE,Revealers,6994.2,7.2
2,357,FALSE,Concealers,6684.44,7.1
2,357,FALSE,Revealers,8038,7.6
2,358,FALSE,Concealers,7589.74,7.6
2,358,FALSE,Revealers,8021.44,7.6
2,359,FALSE,Concealers,6964.06,7.26
2,359,FALSE,Revealers,6996.86,7.24
2,360,FALSE,Concealers,8075.3,7.7
2,360,FALSE,Revealers,6952.74,7.14
2,361,FALSE,Concealers,7233.84,7.3
2,361,FALSE,Revealers,7782.24,7.58
2,362,FALSE,Concealers,7485.4,7.52
2,362,FALSE,Revealers,6788.16,7.1
2,363,FALSE,Concealers,6118.76,6.82
2,363,FALSE,Revealers,6558.08,7.1
2,364,FALSE,Concealers,7151.42,7.3
2,364,FALSE,Revealers,7760.42,7.64
2,365,FALSE,Concealers,7349.04,7.34
2,365,FALSE,Revealers,7439.04,7.4
2,366,FALSE,Concealers,8244.6,7.82
2,366,FALSE,Revealers,7144.1,7.32
2,367,FALSE,Concealers,6763.14,7.06
2,367,FALSE,Revealers,7929.62,7.6
2,368,FALSE,Concealers,7805.7,7.64
2,368,FALSE,Revealers,6885.26,7.18
2,369,FALSE,Concealers,7989.6,7.62
2,369,FALSE,Revealers,7043.3,7.3
2,370,FALSE,Concealers,6936.42,7.26
2,370,FALSE,Revealers,7120.56,7.24
2,371,FALSE,Concealers,7908.52,7.66
2,371,FALSE,Revealers,7473.36,7.48
2,372,FALSE,Concealers,7806.68,7.7
2,372,FALSE,Revealers,6725.94,7.06
2,373,FALSE,Concealers,8174.16,7.8
2,373,FALSE,Revealers,6615.78,7.1
2,374,FALSE,Concealers,8000.12,7.62
2,374,FALSE,Revealers,6974.16,7.08
2,375,FALSE,Concealers,7800.44,7.66
2,375,FALSE,Revealers,7271.98,7.46
2,376,FALSE,Concealers,7262.04,7.34
2,376,FALSE,Revealers,7013.6,7.36
2,377,FALSE,Concealers,7313.84,7.4
2,377,FALSE,Revealers,6464.42,6.96
2,378,FALSE,Concealers,7725.06,7.5
2,378,FALSE,Revealers,7316.9,7.38
2,379,FALSE,Concealers,7487.52,7.5
2,379,FALSE,Revealers,7357.52,7.3
2,380,FALSE,Concealers,7165,7.32
2,380,FALSE,Revealers,7403,7.38
2,381,FALSE,Concealers,7082.54,7.2
2,381,FALSE,Revealers,7738.32,7.52
2,382,FALSE,Concealers,7423.12,7.5
2,382,FALSE,Revealers,7349.24,7.32
2,383,FALSE,Concealers,7328.56,7.32
2,383,FALSE,Revealers,8065.42,7.68
2,384,FALSE,Concealers,6804.36,7.08
2,384,FALSE,Revealers,8038.4,7.64
2,385,FALSE,Concealers,7586.46,7.32
2,385,FALSE,Revealers,7747.12,7.46
2,386,FALSE,Concealers,7373.56,7.28
2,386,FALSE,Revealers,7200.58,7.32
2,387,FALSE,Concealers,7945.76,7.66
2,387,FALSE,Revealers,7436,7.5
2,388,FALSE,Concealers,6644.66,7
2,388,FALSE,Revealers,7525.6,7.4
2,389,FALSE,Concealers,6624.3,7.04
2,389,FALSE,Revealers,7579.8,7.5
2,390,FALSE,Concealers,7858.76,7.66
2,390,FALSE,Revealers,7028.44,7.22
2,391,FALSE,Concealers,7201.54,7.34
2,391,FALSE,Revealers,7487.88,7.48
2,392,FALSE,Concealers,7167.32,7.42
2,392,FALSE,Revealers,7240.94,7.38
2,393,FALSE,Concealers,7119.02,7.2
2,393,FALSE,Revealers,7303.66,7.34
2,394,FALSE,Concealers,8210.36,7.88
2,394,FALSE,Revealers,6821.86,7.2
2,395,FALSE,Concealers,7115.1,7.26
2,395,FALSE,Revealers,7477.98,7.44
2,396,FALSE,Concealers,7683.26,7.46
2,396,FALSE,Revealers,6698.92,7.2
2,397,FALSE,Concealers,6693.74,7.16
2,397,FALSE,Revealers,6767.02,7.12
2,398,FALSE,Concealers,7274.38,7.34
2,398,FALSE,Revealers,6979.22,7.26
2,399,FALSE,Concealers,8416.84,7.84
2,399,FALSE,Revealers,7124.8,7.32
2,400,FALSE,Concealers,7688.46,7.52
2,400,FALSE,Revealers,6914.78,7.1
3,401,TRUE,Concealers,7547.56,7.36
3,401,TRUE,Revealers,4021.08,5.72
3,402,TRUE,Concealers,7403.78,7.42
3,402,TRUE,Revealers,5927.12,6.66
3,403,TRUE,Concealers,7386.28,7.22
3,403,TRUE,Revealers,4359.48,5.8
3,404,TRUE,Concealers,5819.8,6.26
3,404,TRUE,Revealers,3160.8,5.22
3,405,TRUE,Concealers,7333.12,7.36
3,405,TRUE,Revealers,5713.66,6.5
3,406,TRUE,Concealers,6090.36,6.52
3,406,TRUE,Revealers,3825.9,5.58
3,407,TRUE,Concealers,7035.86,7.04
3,407,TRUE,Revealers,3936.1,5.56
3,408,TRUE,Concealers,7688.28,7.44
3,408,TRUE,Revealers,4963.42,6.28
3,409,TRUE,Concealers,6831.32,6.86
3,409,TRUE,Revealers,4409.4,5.86
3,410,TRUE,Concealers,7556.84,7.3
3,410,TRUE,Revealers,4641.28,6.02
3,411,TRUE,Concealers,7888.14,7.48
3,411,TRUE,Revealers,4652.44,6.06
3,412,TRUE,Concealers,5898.34,6.3
3,412,TRUE,Revealers,3470.34,5.36
3,413,TRUE,Concealers,7669.26,7.44
3,413,TRUE,Revealers,4503.84,5.94
3,414,TRUE,Concealers,6320.16,6.72
3,414,TRUE,Revealers,3965.08,5.52
3,415,TRUE,Concealers,7321.46,7.2
3,415,TRUE,Revealers,5281.38,6.38
3,416,TRUE,Concealers,7585.9,7.54
3,416,TRUE,Revealers,5426.28,6.54
3,417,TRUE,Concealers,6343.04,6.6
3,417,TRUE,Revealers,3211.56,5.28
3,418,TRUE,Concealers,6699.08,6.92
3,418,TRUE,Revealers,4712.4,5.94
3,419,TRUE,Concealers,6062.2,6.58
3,419,TRUE,Revealers,3884.34,5.64
3,420,TRUE,Concealers,7377.76,7.46
3,420,TRUE,Revealers,5699.56,6.52
3,421,TRUE,Concealers,6273.2,6.54
3,421,TRUE,Revealers,3395.72,5.36
3,422,TRUE,Concealers,8195.7,7.76
3,422,TRUE,Revealers,5345.6,6.48
3,423,TRUE,Concealers,7525.44,7.4
3,423,TRUE,Revealers,5875.44,6.68
3,424,TRUE,Concealers,6827.08,6.98
3,424,TRUE,Revealers,4676.52,5.96
3,425,TRUE,Concealers,6430.88,6.88
3,425,TRUE,Revealers,5554.94,6.38
3,426,TRUE,Concealers,7087.44,7.24
3,426,TRUE,Revealers,6402.76,6.88
3,427,TRUE,Concealers,5134.66,5.88
3,427,TRUE,Revealers,3077.06,5.2
3,428,TRUE,Concealers,7356.46,7.38
3,428,TRUE,Revealers,5747.1,6.58
3,429,TRUE,Concealers,7449.78,7.4
3,429,TRUE,Revealers,6788.94,7.1
3,430,TRUE,Concealers,5602.12,6.3
3,430,TRUE,Revealers,4171.4,5.7
3,431,TRUE,Concealers,7342.92,7.4
3,431,TRUE,Revealers,6071.52,6.7
3,432,TRUE,Concealers,5841.38,6.22
3,432,TRUE,Revealers,3073.88,5.08
3,433,TRUE,Concealers,7491.7,7.38
3,433,TRUE,Revealers,5484.36,6.44
3,434,TRUE,Concealers,7415.74,7.3
3,434,TRUE,Revealers,4814.16,6.08
3,435,TRUE,Concealers,6503.4,6.86
3,435,TRUE,Revealers,5224.2,6.32
3,436,TRUE,Concealers,7811.56,7.58
3,436,TRUE,Revealers,6570.62,6.9
3,437,TRUE,Concealers,7087.58,7.06
3,437,TRUE,Revealers,4366.88,5.92
3,438,TRUE,Concealers,7821.92,7.54
3,438,TRUE,Revealers,7395.88,7.3
3,439,TRUE,Concealers,8122.66,7.74
3,439,TRUE,Revealers,6537.26,7
3,440,TRUE,Concealers,8059.26,7.64
3,440,TRUE,Revealers,5331.42,6.42
3,441,TRUE,Concealers,7077.02,7.12
3,441,TRUE,Revealers,4580.3,5.96
3,442,TRUE,Concealers,8025.94,7.68
3,442,TRUE,Revealers,6073.38,6.6
3,443,TRUE,Concealers,7176.36,7.1
3,443,TRUE,Revealers,3887.46,5.58
3,444,TRUE,Concealers,7243.08,7.24
3,444,TRUE,Revealers,5431.7,6.48
3,445,TRUE,Concealers,6777.3,7.1
3,445,TRUE,Revealers,4351.78,5.9
3,446,TRUE,Concealers,7682.38,7.38
3,446,TRUE,Revealers,5287.52,6.34
3,447,TRUE,Concealers,7386.78,7.46
3,447,TRUE,Revealers,6519.36,6.96
3,448,TRUE,Concealers,7830.6,7.58
3,448,TRUE,Revealers,5791.6,6.68
3,449,TRUE,Concealers,7405.08,7.28
3,449,TRUE,Revealers,6345.7,6.82
3,450,TRUE,Concealers,8424.1,7.78
3,450,TRUE,Revealers,5912.16,6.6
3,451,TRUE,Concealers,7855.38,7.54
3,451,TRUE,Revealers,5593.96,6.58
3,452,TRUE,Concealers,5583,6.12
3,452,TRUE,Revealers,3527.3,5.32
3,453,TRUE,Concealers,8905.32,8
3,453,TRUE,Revealers,5787.72,6.52
3,454,TRUE,Concealers,7582.46,7.46
3,454,TRUE,Revealers,5667.06,6.44
3,455,TRUE,Concealers,7542.58,7.5
3,455,TRUE,Revealers,6990.3,7.22
3,456,TRUE,Concealers,7752.96,7.54
3,456,TRUE,Revealers,5883.4,6.78
3,457,TRUE,Concealers,7318.44,7.26
3,457,TRUE,Revealers,5562.66,6.58
3,458,TRUE,Concealers,7327,7.22
3,458,TRUE,Revealers,4353.66,5.8
3,459,TRUE,Concealers,7154.94,7.04
3,459,TRUE,Revealers,4315.5,5.82
3,460,TRUE,Concealers,7732.18,7.48
3,460,TRUE,Revealers,4408.72,5.92
3,461,TRUE,Concealers,6428.2,6.62
3,461,TRUE,Revealers,3247,5.2
3,462,TRUE,Concealers,7060.34,7.24
3,462,TRUE,Revealers,5590.1,6.46
3,463,TRUE,Concealers,5450.82,6.18
3,463,TRUE,Revealers,4182.04,5.62
3,464,TRUE,Concealers,7721.94,7.54
3,464,TRUE,Revealers,4903.54,6.16
3,465,TRUE,Concealers,6226.58,6.66
3,465,TRUE,Revealers,4796.64,6.12
3,466,TRUE,Concealers,6332.4,6.7
3,466,TRUE,Revealers,4262.52,5.8
3,467,TRUE,Concealers,6473.5,6.86
3,467,TRUE,Revealers,4964.3,6.04
3,468,TRUE,Concealers,7770.88,7.66
3,468,TRUE,Revealers,6653.3,7.02
3,469,TRUE,Concealers,6575.46,6.72
3,469,TRUE,Revealers,4306,5.76
3,470,TRUE,Concealers,6561.38,6.9
3,470,TRUE,Revealers,4394.68,5.94
3,471,TRUE,Concealers,7729.12,7.5
3,471,TRUE,Revealers,6123.92,6.92
3,472,TRUE,Concealers,7705.5,7.56
3,472,TRUE,Revealers,5312.46,6.5
3,473,TRUE,Concealers,6081.78,6.7
3,473,TRUE,Revealers,4545.6,5.96
3,474,TRUE,Concealers,7399.6,7.34
3,474,TRUE,Revealers,6101.9,6.7
3,475,TRUE,Concealers,8393.9,7.8
3,475,TRUE,Revealers,6133.1,6.74
3,476,TRUE,Concealers,6870.96,6.94
3,476,TRUE,Revealers,4193.52,5.76
3,477,TRUE,Concealers,6674.72,6.84
3,477,TRUE,Revealers,4225.72,5.7
3,478,TRUE,Concealers,7386.32,7.44
3,478,TRUE,Revealers,6464.48,6.96
3,479,TRUE,Concealers,5349.5,5.96
3,479,TRUE,Revealers,2616.96,4.84
3,480,TRUE,Concealers,8321.5,7.82
3,480,TRUE,Revealers,6386.7,6.84
3,481,TRUE,Concealers,7878.68,7.58
3,481,TRUE,Revealers,4971.3,6.26
3,482,TRUE,Concealers,6331.28,6.56
3,482,TRUE,Revealers,4741.5,6.02
3,483,TRUE,Concealers,6416.7,6.66
3,483,TRUE,Revealers,4295.1,5.86
3,484,TRUE,Concealers,7932.58,7.54
3,484,TRUE,Revealers,6599.74,6.92
3,485,TRUE,Concealers,7142.82,7.16
3,485,TRUE,Revealers,4724.4,6.02
3,486,TRUE,Concealers,6912.26,7.08
3,486,TRUE,Revealers,5150.22,6.22
3,487,TRUE,Concealers,7184.4,7.12
3,487,TRUE,Revealers,5472.86,6.34
3,488,TRUE,Concealers,7403.5,7.3
3,488,TRUE,Revealers,5820.24,6.54
3,489,TRUE,Concealers,7128.52,7.18
3,489,TRUE,Revealers,4679.68,5.98
3,490,TRUE,Concealers,5932.6,6.5
3,490,TRUE,Revealers,4835.76,6.04
3,491,TRUE,Concealers,6480.06,6.64
3,491,TRUE,Revealers,3612.84,5.44
3,492,TRUE,Concealers,6682.6,6.78
3,492,TRUE,Revealers,4089.44,5.72
3,493,TRUE,Concealers,8356.34,7.62
3,493,TRUE,Revealers,5081.04,6.22
3,494,TRUE,Concealers,5190.6,5.94
3,494,TRUE,Revealers,2428.78,4.82
3,495,TRUE,Concealers,8179.28,7.76
3,495,TRUE,Revealers,5781.9,6.66
3,496,TRUE,Concealers,8607.96,8
3,496,TRUE,Revealers,5978.58,6.66
3,497,TRUE,Concealers,7771.92,7.62
3,497,TRUE,Revealers,6049.78,6.66
3,498,TRUE,Concealers,7046.62,7.24
3,498,TRUE,Revealers,4958.1,6.26
3,499,TRUE,Concealers,7057.12,7.24
3,499,TRUE,Revealers,5303.54,6.32
3,500,TRUE,Concealers,6058.86,6.46
3,500,TRUE,Revealers,3264.82,5.12
3,501,FALSE,Concealers,6856.18,6.88
3,501,FALSE,Revealers,3722.08,5.44
3,502,FALSE,Concealers,7876.58,7.44
3,502,FALSE,Revealers,5346.02,6.3
3,503,FALSE,Concealers,8328.2,7.74
3,503,FALSE,Revealers,6477.9,6.94
3,504,FALSE,Concealers,6312.6,6.74
3,504,FALSE,Revealers,4741.58,6.12
3,505,FALSE,Concealers,7825.38,7.52
3,505,FALSE,Revealers,5737.42,6.66
3,506,FALSE,Concealers,7313.92,7.38
3,506,FALSE,Revealers,5566.86,6.52
3,507,FALSE,Concealers,7115.26,7.12
3,507,FALSE,Revealers,4575.22,5.98
3,508,FALSE,Concealers,6864.76,7.1
3,508,FALSE,Revealers,5180.12,6.32
3,509,FALSE,Concealers,7388.12,7.4
3,509,FALSE,Revealers,5908.92,6.62
3,510,FALSE,Concealers,6805.66,6.94
3,510,FALSE,Revealers,4514.78,5.92
3,511,FALSE,Concealers,7432.28,7.4
3,511,FALSE,Revealers,5926.98,6.68
3,512,FALSE,Concealers,8057.94,7.72
3,512,FALSE,Revealers,6054.7,6.76
3,513,FALSE,Concealers,7391.42,7.42
3,513,FALSE,Revealers,6205.4,6.84
3,514,FALSE,Concealers,7706.44,7.6
3,514,FALSE,Revealers,7950.92,7.6
3,515,FALSE,Concealers,8067.74,7.62
3,515,FALSE,Revealers,5521.04,6.54
3,516,FALSE,Concealers,7654.06,7.5
3,516,FALSE,Revealers,5604.3,6.58
3,517,FALSE,Concealers,7430.82,7.58
3,517,FALSE,Revealers,7108.92,7.26
3,518,FALSE,Concealers,7169.66,7.34
3,518,FALSE,Revealers,5721.84,6.48
3,519,FALSE,Concealers,7959.72,7.48
3,519,FALSE,Revealers,7117.58,7.26
3,520,FALSE,Concealers,8098.4,7.74
3,520,FALSE,Revealers,5494.9,6.5
3,521,FALSE,Concealers,6145.86,6.6
3,521,FALSE,Revealers,4084.06,5.64
3,522,FALSE,Concealers,8142.04,7.62
3,522,FALSE,Revealers,5249.62,6.36
3,523,FALSE,Concealers,8399.52,7.9
3,523,FALSE,Revealers,5670.18,6.58
3,524,FALSE,Concealers,7122.88,7.24
3,524,FALSE,Revealers,3797.6,5.56
3,525,FALSE,Concealers,7342.24,7.34
3,525,FALSE,Revealers,5847.94,6.62
3,526,FALSE,Concealers,7714,7.4
3,526,FALSE,Revealers,4518.36,6.02
3,527,FALSE,Concealers,7133.6,7.04
3,527,FALSE,Revealers,4429.36,5.92
3,528,FALSE,Concealers,6733.96,7.18
3,528,FALSE,Revealers,5584.06,6.48
3,529,FALSE,Concealers,7601.78,7.46
3,529,FALSE,Revealers,5417.22,6.46
3,530,FALSE,Concealers,6176.78,6.58
3,530,FALSE,Revealers,4951.44,6.24
3,531,FALSE,Concealers,8498.76,7.88
3,531,FALSE,Revealers,7073.02,7.26
3,532,FALSE,Concealers,8109.92,7.6
3,532,FALSE,Revealers,5322.56,6.5
3,533,FALSE,Concealers,6135.1,6.64
3,533,FALSE,Revealers,4815.92,6.02
3,534,FALSE,Concealers,7386.1,7.22
3,534,FALSE,Revealers,5162.12,6.28
3,535,FALSE,Concealers,7316.34,7.18
3,535,FALSE,Revealers,4923.34,6.2
3,536,FALSE,Concealers,5726.96,6.46
3,536,FALSE,Revealers,3817.48,5.62
3,537,FALSE,Concealers,7218.64,7.3
3,537,FALSE,Revealers,5503.42,6.56
3,538,FALSE,Concealers,7864.16,7.56
3,538,FALSE,Revealers,6027.24,6.66
3,539,FALSE,Concealers,7856.48,7.54
3,539,FALSE,Revealers,6452.6,6.88
3,540,FALSE,Concealers,7210.96,7.22
3,540,FALSE,Revealers,5286.42,6.3
3,541,FALSE,Concealers,7159.5,7.3
3,541,FALSE,Revealers,5604.9,6.38
3,542,FALSE,Concealers,7466.96,7.5
3,542,FALSE,Revealers,7018,7.02
3,543,FALSE,Concealers,8229.5,7.66
3,543,FALSE,Revealers,6145.74,6.76
3,544,FALSE,Concealers,7963.18,7.56
3,544,FALSE,Revealers,5815.34,6.64
3,545,FALSE,Concealers,6389.42,6.88
3,545,FALSE,Revealers,5066.4,6.22
3,546,FALSE,Concealers,7223.72,7.32
3,546,FALSE,Revealers,5929.28,6.76
3,547,FALSE,Concealers,6220.14,6.56
3,547,FALSE,Revealers,3791.6,5.46
3,548,FALSE,Concealers,7878.62,7.44
3,548,FALSE,Revealers,5474.32,6.58
3,549,FALSE,Concealers,6349.86,6.74
3,549,FALSE,Revealers,4999.86,6.34
3,550,FALSE,Concealers,6277.02,6.76
3,550,FALSE,Revealers,4423.66,5.78
3,551,FALSE,Concealers,6424.18,6.58
3,551,FALSE,Revealers,3186.4,5.26
3,552,FALSE,Concealers,7739.18,7.5
3,552,FALSE,Revealers,5814.98,6.64
3,553,FALSE,Concealers,6938.7,7.1
3,553,FALSE,Revealers,5556.54,6.6
3,554,FALSE,Concealers,7790,7.46
3,554,FALSE,Revealers,4780.74,6.12
3,555,FALSE,Concealers,6949.08,7.16
3,555,FALSE,Revealers,5266.9,6.38
3,556,FALSE,Concealers,5792.86,6.34
3,556,FALSE,Revealers,3537.42,5.4
3,557,FALSE,Concealers,7459.96,7.32
3,557,FALSE,Revealers,5307.48,6.2
3,558,FALSE,Concealers,6402.84,6.76
3,558,FALSE,Revealers,3927.78,5.62
3,559,FALSE,Concealers,7638.64,7.46
3,559,FALSE,Revealers,6052.06,6.74
3,560,FALSE,Concealers,7641.86,7.54
3,560,FALSE,Revealers,6609.38,7.04
3,561,FALSE,Concealers,6315.16,6.68
3,561,FALSE,Revealers,4961.48,6.08
3,562,FALSE,Concealers,7602.88,7.46
3,562,FALSE,Revealers,5231.52,6.24
3,563,FALSE,Concealers,7307.52,7.32
3,563,FALSE,Revealers,6271.54,6.84
3,564,FALSE,Concealers,7774.24,7.58
3,564,FALSE,Revealers,5798.04,6.64
3,565,FALSE,Concealers,7265.78,7.26
3,565,FALSE,Revealers,5920.88,6.66
3,566,FALSE,Concealers,6966.34,7.12
3,566,FALSE,Revealers,6341.84,6.8
3,567,FALSE,Concealers,7207.98,7.08
3,567,FALSE,Revealers,4753.62,6.02
3,568,FALSE,Concealers,7235.12,7.3
3,568,FALSE,Revealers,5119.46,6.34
3,569,FALSE,Concealers,8627.46,8
3,569,FALSE,Revealers,6165.92,6.8
3,570,FALSE,Concealers,7646.14,7.52
3,570,FALSE,Revealers,5824.2,6.5
3,571,FALSE,Concealers,6724.84,7.06
3,571,FALSE,Revealers,5620.88,6.5
3,572,FALSE,Concealers,6072.36,6.58
3,572,FALSE,Revealers,3921.08,5.5
3,573,FALSE,Concealers,7374.9,7.4
3,573,FALSE,Revealers,6035.8,6.6
3,574,FALSE,Concealers,8946.14,8.12
3,574,FALSE,Revealers,5991.46,6.76
3,575,FALSE,Concealers,5845.26,6.32
3,575,FALSE,Revealers,3446.58,5.3
3,576,FALSE,Concealers,5673.98,6.14
3,576,FALSE,Revealers,4223.28,5.64
3,577,FALSE,Concealers,6849,7.04
3,577,FALSE,Revealers,3799.86,5.68
3,578,FALSE,Concealers,7624.54,7.54
3,578,FALSE,Revealers,6785.92,7.04
3,579,FALSE,Concealers,7864.88,7.54
3,579,FALSE,Revealers,6402,6.74
3,580,FALSE,Concealers,8325.2,7.7
3,580,FALSE,Revealers,5991.74,6.7
3,581,FALSE,Concealers,7882.72,7.48
3,581,FALSE,Revealers,6652.52,6.92
3,582,FALSE,Concealers,5444.06,5.96
3,582,FALSE,Revealers,3007.02,5.18
3,583,FALSE,Concealers,7176.5,7.06
3,583,FALSE,Revealers,4587.1,5.86
3,584,FALSE,Concealers,6108.94,6.52
3,584,FALSE,Revealers,4596.12,5.88
3,585,FALSE,Concealers,8152.56,7.66
3,585,FALSE,Revealers,6781.7,6.86
3,586,FALSE,Concealers,6137.82,6.74
3,586,FALSE,Revealers,5103.72,6.12
3,587,FALSE,Concealers,8210.54,7.7
3,587,FALSE,Revealers,5867.54,6.6
3,588,FALSE,Concealers,7369.2,7.16
3,588,FALSE,Revealers,4423.84,5.94
3,589,FALSE,Concealers,7621.28,7.54
3,589,FALSE,Revealers,6695.5,6.9
3,590,FALSE,Concealers,6744.9,6.86
3,590,FALSE,Revealers,4613.42,5.86
3,591,FALSE,Concealers,7409.36,7.34
3,591,FALSE,Revealers,6280.58,6.88
3,592,FALSE,Concealers,8456.92,7.92
3,592,FALSE,Revealers,5103.12,6.3
3,593,FALSE,Concealers,8499.88,7.9
3,593,FALSE,Revealers,6356.26,6.9
3,594,FALSE,Concealers,7430.48,7.42
3,594,FALSE,Revealers,6890.54,7.1
3,595,FALSE,Concealers,8125.28,7.82
3,595,FALSE,Revealers,6110.58,6.7
3,596,FALSE,Concealers,8663.26,7.88
3,596,FALSE,Revealers,5689.2,6.42
3,597,FALSE,Concealers,8030.76,7.66
3,597,FALSE,Revealers,6463.56,6.92
3,598,FALSE,Concealers,8768.6,8
3,598,FALSE,Revealers,6412.32,6.98
3,599,FALSE,Concealers,7981.1,7.74
3,599,FALSE,Revealers,6239.88,6.8
3,600,FALSE,Concealers,6906.74,7
3,600,FALSE,Revealers,4075.68,5.68
